cell_id,x,y,space
c_0,123.24684906,47.2758102417,CAFE
c_1,121.59288024899999,49.439250946,CAFE
c_2,122.885040283,52.075202941899995,CAFE
c_3,125.469390869,53.389587402299995,CAFE
c_4,127.58855438200001,51.7034416199,CAFE
c_5,127.53686523399999,47.3285751343,CAFE
c_6,127.53686523399999,41.9463577271,CAFE
c_7,122.41986084,41.590179443400004,CAFE
c_8,121.59288024899999,45.0068359375,CAFE
c_9,127.53686523399999,36.5641403198,CAFE
c_10,122.41986084,36.9203186035,CAFE
c_11,127.53686523399999,31.1819229126,CAFE
c_12,123.24684906,31.234691619899998,CAFE
c_13,121.59288024899999,33.5036659241,CAFE
c_14,126.63988494899999,25.9580078125,CAFE
c_15,122.882652283,26.432907104499996,CAFE
c_16,121.59288024899999,29.071249008200002,CAFE
c_17,129.811096191,53.384803772,CAFE
c_18,132.395431519,51.70104599,CAFE
c_19,132.80892944299998,47.3285751343,CAFE
c_20,132.80892944299998,41.9463577271,CAFE
c_21,132.80892944299998,36.5641403198,CAFE
c_22,132.80892944299998,31.1819229126,CAFE
c_23,133.145248413,25.9580059052,CAFE
c_24,129.799133301,25.1137371063,CAFE
c_25,134.152801514,53.3800163269,CAFE
c_26,136.737136841,53.3752365112,CAFE
c_27,138.49447631799998,51.6962585449,CAFE
c_28,138.080978394,47.3285751343,CAFE
c_29,138.080978394,41.9463577271,CAFE
c_30,138.080978394,36.5641403198,CAFE
c_31,138.080978394,31.1819229126,CAFE
c_32,137.715957642,25.9580078125,CAFE
c_33,141.078826904,53.370449066199996,CAFE
c_34,143.301361084,51.6938705444,CAFE
c_35,143.353042603,47.3285751343,CAFE
c_36,143.353042603,41.9463577271,CAFE
c_37,143.353042603,36.5641403198,CAFE
c_38,143.353042603,31.1819229126,CAFE
c_39,144.221328735,25.9580078125,CAFE
c_40,141.05252075200002,25.1137371063,CAFE
c_41,145.420532227,53.365661621099996,CAFE
c_42,148.002487183,52.0440979004,CAFE
c_43,149.28985595700001,49.408149719200004,CAFE
c_44,147.638275146,47.261455535900005,CAFE
c_45,149.285079956,44.980522155799996,CAFE
c_46,147.635894775,42.356533050500005,CAFE
c_47,149.280303955,40.5528869629,CAFE
c_48,149.275512695,37.9193344116,CAFE
c_49,147.631103516,36.1348304749,CAFE
c_50,149.270736694,33.4917068481,CAFE
c_51,147.628707886,31.2299041748,CAFE
c_52,149.265945435,29.0640716553,CAFE
c_53,147.971374512,26.430517196700002,CAFE
c_55,121.22866821299999,24.7443695068,CAFE
c_65,121.23106384299999,53.7637405396,CAFE
c_66,149.606231689,24.7419776917,CAFE
c_76,164.363983154,46.9149398804,ENERGY_LAB_1
c_77,162.625244141,49.0328178406,ENERGY_LAB_1
c_78,162.625244141,51.717628479,ENERGY_LAB_1
c_79,164.363983154,55.3564720154,ENERGY_LAB_1
c_80,167.41644287100002,55.8602104187,ENERGY_LAB_1
c_81,168.73358154299999,52.893920898400005,ENERGY_LAB_1
c_82,169.26725769,50.8488082886,ENERGY_LAB_1
c_83,168.873809814,47.0989151001,ENERGY_LAB_1
c_84,168.873809814,41.3421936035,ENERGY_LAB_1
c_85,163.494613647,40.9241714478,ENERGY_LAB_1
c_86,162.625244141,44.4291000366,ENERGY_LAB_1
c_87,168.873809814,35.5854721069,ENERGY_LAB_1
c_88,163.494613647,36.0321998596,ENERGY_LAB_1
c_89,168.873809814,29.828744888299997,ENERGY_LAB_1
c_90,164.363983154,30.0318660736,ENERGY_LAB_1
c_91,162.625244141,32.5368423462,ENERGY_LAB_1
c_92,168.873809814,24.0720214844,ENERGY_LAB_1
c_93,163.494613647,24.234645843499997,ENERGY_LAB_1
c_94,162.625244141,27.933124542199998,ENERGY_LAB_1
c_95,168.873809814,18.3152961731,ENERGY_LAB_1
c_96,164.363983154,18.3290138245,ENERGY_LAB_1
c_97,162.625244141,20.6445903778,ENERGY_LAB_1
c_98,168.928146362,13.7205085754,ENERGY_LAB_1
c_99,166.700408936,12.0064754486,ENERGY_LAB_1
c_100,163.983627319,13.353666305499999,ENERGY_LAB_1
c_101,162.625244141,16.040870666500002,ENERGY_LAB_1
c_102,171.884887695,51.720333099399994,ENERGY_LAB_1
c_103,174.262542725,50.8488082886,ENERGY_LAB_1
c_104,174.415985107,47.0989151001,ENERGY_LAB_1
c_105,174.415985107,41.3421936035,ENERGY_LAB_1
c_106,174.415985107,35.5854721069,ENERGY_LAB_1
c_107,174.415985107,29.828744888299997,ENERGY_LAB_1
c_108,174.415985107,24.0720214844,ENERGY_LAB_1
c_109,174.415985107,18.3152961731,ENERGY_LAB_1
c_110,173.981307983,13.7181158066,ENERGY_LAB_1
c_111,171.264556885,12.0016899109,ENERGY_LAB_1
c_112,176.333282471,51.720336914099995,ENERGY_LAB_1
c_113,178.934265137,51.720336914099995,ENERGY_LAB_1
c_114,180.558319092,50.8488082886,ENERGY_LAB_1
c_115,179.958175659,47.0989151001,ENERGY_LAB_1
c_116,179.958175659,41.3421936035,ENERGY_LAB_1
c_117,179.958175659,35.5854721069,ENERGY_LAB_1
c_118,179.958175659,29.828744888299997,ENERGY_LAB_1
c_119,179.958175659,24.0720214844,ENERGY_LAB_1
c_120,179.958175659,18.3152961731,ENERGY_LAB_1
c_121,180.392868042,13.713332176199998,ENERGY_LAB_1
c_122,178.545471191,11.9921207428,ENERGY_LAB_1
c_123,175.828704834,11.9969053268,ENERGY_LAB_1
c_124,183.382659912,51.720336914099995,ENERGY_LAB_1
c_125,185.553619385,50.8488082886,ENERGY_LAB_1
c_126,185.50036621099997,47.0989151001,ENERGY_LAB_1
c_127,185.50036621099997,41.3421936035,ENERGY_LAB_1
c_128,185.50036621099997,35.5854721069,ENERGY_LAB_1
c_129,185.50036621099997,29.828744888299997,ENERGY_LAB_1
c_130,185.50036621099997,24.0720214844,ENERGY_LAB_1
c_131,185.50036621099997,18.3152961731,ENERGY_LAB_1
c_132,185.446044922,13.7109394073,ENERGY_LAB_1
c_133,183.109619141,11.9873371124,ENERGY_LAB_1
c_134,187.83103942900001,51.720336914099995,ENERGY_LAB_1
c_135,190.43284606900002,50.3087615967,ENERGY_LAB_1
c_136,190.002807617,47.518325805699995,ENERGY_LAB_1
c_137,191.734985352,45.566703796400006,ENERGY_LAB_1
c_138,191.736618042,42.7435531616,ENERGY_LAB_1
c_139,190.004455566,40.8573570251,ENERGY_LAB_1
c_140,191.738265991,38.0014915466,ENERGY_LAB_1
c_141,190.005279541,35.6079673767,ENERGY_LAB_1
c_142,191.73991394,33.259433746300004,ENERGY_LAB_1
c_143,190.006103516,30.3585739136,ENERGY_LAB_1
c_144,191.74154663099998,28.5173721313,ENERGY_LAB_1
c_145,191.74319458,25.694221496599997,ENERGY_LAB_1
c_146,190.00773620599998,23.6976070404,ENERGY_LAB_1
c_147,191.744842529,20.9521617889,ENERGY_LAB_1
c_148,190.00857543900003,18.448215484600002,ENERGY_LAB_1
c_149,191.74645996099997,16.2101020813,ENERGY_LAB_1
c_150,190.38973999,13.3893432617,ENERGY_LAB_1
c_151,187.673797607,11.9825515747,ENERGY_LAB_1
c_152,165.66746521,64.9495544434,ENERGY_LAB_1
c_153,167.69900512700002,63.7741470337,ENERGY_LAB_1
c_154,168.71990966799999,61.426067352299995,ENERGY_LAB_1
c_155,168.726745605,59.078903198199995,ENERGY_LAB_1
c_156,162.625244141,58.2402572632,ENERGY_LAB_1
c_157,162.625244141,60.9250717163,ENERGY_LAB_1
c_158,163.639328003,63.6089706421,ENERGY_LAB_1
c_54,117.623321533,25.2513084412,OPEN_EXHIBITION_SPACE_2
c_56,121.64575195299999,21.1275501251,OPEN_EXHIBITION_SPACE_2
c_57,118.812271118,20.733549118,OPEN_EXHIBITION_SPACE_2
c_58,117.623321533,30.0855331421,OPEN_EXHIBITION_SPACE_2
c_59,118.39518737799999,33.4343414307,OPEN_EXHIBITION_SPACE_2
c_60,117.623321533,36.8985137939,OPEN_EXHIBITION_SPACE_2
c_61,117.623321533,41.7327423096,OPEN_EXHIBITION_SPACE_2
c_62,118.39518737799999,45.156658172600004,OPEN_EXHIBITION_SPACE_2
c_63,117.623321533,48.5457229614,OPEN_EXHIBITION_SPACE_2
c_64,117.623321533,53.3799476624,OPEN_EXHIBITION_SPACE_2
c_67,149.506698608,21.1275501251,OPEN_EXHIBITION_SPACE_2
c_68,147.448730469,18.829902648900003,OPEN_EXHIBITION_SPACE_2
c_69,144.966339111,21.1275501251,OPEN_EXHIBITION_SPACE_2
c_70,141.499420166,19.9787254333,OPEN_EXHIBITION_SPACE_2
c_71,136.623535156,19.9787254333,OPEN_EXHIBITION_SPACE_2
c_72,133.306045532,21.1275501251,OPEN_EXHIBITION_SPACE_2
c_73,130.726486206,21.1275501251,OPEN_EXHIBITION_SPACE_2
c_74,127.27423095700001,18.829902648900003,OPEN_EXHIBITION_SPACE_2
c_75,124.22532653799999,21.1275501251,OPEN_EXHIBITION_SPACE_2
c_159,49.462944030799996,47.988658905,OPEN_EXHIBITION_SPACE_2
c_160,51.581733703599994,48.894233703599994,OPEN_EXHIBITION_SPACE_2
c_161,53.542533874499995,46.9905853271,OPEN_EXHIBITION_SPACE_2
c_162,53.217445373500006,43.6691131592,OPEN_EXHIBITION_SPACE_2
c_163,50.7161254883,42.9405021667,OPEN_EXHIBITION_SPACE_2
c_164,48.3244857788,44.318935394300006,OPEN_EXHIBITION_SPACE_2
c_165,47.7266044617,46.0456161499,OPEN_EXHIBITION_SPACE_2
c_166,48.9224967957,50.024192810100004,OPEN_EXHIBITION_SPACE_2
c_167,50.265083313000005,52.0300064087,OPEN_EXHIBITION_SPACE_2
c_168,51.2957267761,52.849941253699996,OPEN_EXHIBITION_SPACE_2
c_169,52.071937561000006,51.749702453599994,OPEN_EXHIBITION_SPACE_2
c_170,59.424934387200004,13.6767864227,OPEN_EXHIBITION_SPACE_2
c_171,53.542533874499995,13.6767864227,OPEN_EXHIBITION_SPACE_2
c_172,53.072536468500005,18.1419124603,OPEN_EXHIBITION_SPACE_2
c_173,55.0333366394,20.045558929400002,OPEN_EXHIBITION_SPACE_2
c_174,59.424934387200004,19.3877239227,OPEN_EXHIBITION_SPACE_2
c_175,53.6119194031,22.953361511199997,OPEN_EXHIBITION_SPACE_2
c_176,55.0623168945,25.1509990692,OPEN_EXHIBITION_SPACE_2
c_177,59.424934387200004,25.0986614227,OPEN_EXHIBITION_SPACE_2
c_178,53.669883728,27.453306198099998,OPEN_EXHIBITION_SPACE_2
c_179,55.0913009644,30.2564373016,OPEN_EXHIBITION_SPACE_2
c_180,59.424934387200004,30.809597015399998,OPEN_EXHIBITION_SPACE_2
c_181,53.7278442383,31.9532470703,OPEN_EXHIBITION_SPACE_2
c_182,53.7858085632,34.5495452881,OPEN_EXHIBITION_SPACE_2
c_183,55.1492614746,36.6600265503,OPEN_EXHIBITION_SPACE_2
c_184,59.424934387200004,36.5205345154,OPEN_EXHIBITION_SPACE_2
c_185,53.8437728882,39.0494918823,OPEN_EXHIBITION_SPACE_2
c_186,55.1782455444,41.765468597399995,OPEN_EXHIBITION_SPACE_2
c_187,59.424934387200004,42.2314720154,OPEN_EXHIBITION_SPACE_2
c_188,59.424934387200004,47.9424095154,OPEN_EXHIBITION_SPACE_2
c_189,55.503337860100004,48.894233703599994,OPEN_EXHIBITION_SPACE_2
c_190,55.0131378174,52.2256126404,OPEN_EXHIBITION_SPACE_2
c_191,58.444534301800005,51.749702453599994,OPEN_EXHIBITION_SPACE_2
c_192,55.0131378174,57.9365501404,OPEN_EXHIBITION_SPACE_2
c_193,58.444534301800005,57.460639953599994,OPEN_EXHIBITION_SPACE_2
c_194,58.444534301800005,55.5569915771,OPEN_EXHIBITION_SPACE_2
c_195,55.503337860100004,55.0810813904,OPEN_EXHIBITION_SPACE_2
c_196,54.52293396,56.032905578599994,OPEN_EXHIBITION_SPACE_2
c_197,55.503337860100004,64.1234054565,OPEN_EXHIBITION_SPACE_2
c_198,59.424934387200004,65.0752258301,OPEN_EXHIBITION_SPACE_2
c_199,58.444534301800005,61.2679290771,OPEN_EXHIBITION_SPACE_2
c_200,55.0131378174,60.7920188904,OPEN_EXHIBITION_SPACE_2
c_201,53.7467269897,65.6057052612,OPEN_EXHIBITION_SPACE_2
c_202,52.7663269043,67.5093536377,OPEN_EXHIBITION_SPACE_2
c_203,53.542533874499995,70.7861633301,OPEN_EXHIBITION_SPACE_2
c_204,59.424934387200004,70.7861633301,OPEN_EXHIBITION_SPACE_2
c_205,65.3073348999,19.3877239227,OPEN_EXHIBITION_SPACE_2
c_206,65.3073348999,13.6767864227,OPEN_EXHIBITION_SPACE_2
c_207,65.3073348999,25.0986614227,OPEN_EXHIBITION_SPACE_2
c_208,65.3073348999,30.809597015399998,OPEN_EXHIBITION_SPACE_2
c_209,65.3073348999,36.5205345154,OPEN_EXHIBITION_SPACE_2
c_210,65.3073348999,42.2314720154,OPEN_EXHIBITION_SPACE_2
c_211,65.3073348999,47.9424095154,OPEN_EXHIBITION_SPACE_2
c_212,60.405334472700005,53.6533470154,OPEN_EXHIBITION_SPACE_2
c_213,65.3073348999,53.6533470154,OPEN_EXHIBITION_SPACE_2
c_214,60.405334472700005,59.3642845154,OPEN_EXHIBITION_SPACE_2
c_215,65.3073348999,59.3642845154,OPEN_EXHIBITION_SPACE_2
c_216,65.3073348999,65.0752258301,OPEN_EXHIBITION_SPACE_2
c_217,63.324974060100004,71.7476959229,OPEN_EXHIBITION_SPACE_2
c_218,65.285774231,69.8440475464,OPEN_EXHIBITION_SPACE_2
c_219,71.1897354126,19.3877239227,OPEN_EXHIBITION_SPACE_2
c_220,71.1897354126,13.6767864227,OPEN_EXHIBITION_SPACE_2
c_221,71.1897354126,25.0986614227,OPEN_EXHIBITION_SPACE_2
c_222,71.1897354126,30.809597015399998,OPEN_EXHIBITION_SPACE_2
c_223,71.1897354126,36.5205345154,OPEN_EXHIBITION_SPACE_2
c_224,71.1897354126,42.2314720154,OPEN_EXHIBITION_SPACE_2
c_225,71.1897354126,47.9424095154,OPEN_EXHIBITION_SPACE_2
c_226,71.1897354126,53.6533470154,OPEN_EXHIBITION_SPACE_2
c_227,71.1897354126,59.3642845154,OPEN_EXHIBITION_SPACE_2
c_228,71.1897354126,65.0752258301,OPEN_EXHIBITION_SPACE_2
c_229,67.6301727295,71.7491760254,OPEN_EXHIBITION_SPACE_2
c_230,70.5929412842,69.83583068850001,OPEN_EXHIBITION_SPACE_2
c_231,77.0721359253,19.3877239227,OPEN_EXHIBITION_SPACE_2
c_232,77.0721359253,13.6767864227,OPEN_EXHIBITION_SPACE_2
c_233,77.0721359253,25.0986614227,OPEN_EXHIBITION_SPACE_2
c_234,77.0721359253,30.809597015399998,OPEN_EXHIBITION_SPACE_2
c_235,77.0721359253,36.5205345154,OPEN_EXHIBITION_SPACE_2
c_236,77.0721359253,42.2314720154,OPEN_EXHIBITION_SPACE_2
c_237,77.0721359253,47.9424095154,OPEN_EXHIBITION_SPACE_2
c_238,77.0721359253,53.6533470154,OPEN_EXHIBITION_SPACE_2
c_239,77.0721359253,59.3642845154,OPEN_EXHIBITION_SPACE_2
c_240,77.0721359253,65.0752258301,OPEN_EXHIBITION_SPACE_2
c_241,72.36209869380001,71.73273468020001,OPEN_EXHIBITION_SPACE_2
c_242,73.8434753418,74.6475982666,OPEN_EXHIBITION_SPACE_2
c_243,76.0917358398,73.6416320801,OPEN_EXHIBITION_SPACE_2
c_244,78.0525360107,69.8343429565,OPEN_EXHIBITION_SPACE_2
c_245,82.954536438,19.3877239227,OPEN_EXHIBITION_SPACE_2
c_246,82.954536438,13.6767864227,OPEN_EXHIBITION_SPACE_2
c_247,82.954536438,25.0986614227,OPEN_EXHIBITION_SPACE_2
c_248,82.954536438,30.809597015399998,OPEN_EXHIBITION_SPACE_2
c_249,82.954536438,36.5205345154,OPEN_EXHIBITION_SPACE_2
c_250,82.954536438,42.2314720154,OPEN_EXHIBITION_SPACE_2
c_251,82.954536438,47.9424095154,OPEN_EXHIBITION_SPACE_2
c_252,82.954536438,53.6533470154,OPEN_EXHIBITION_SPACE_2
c_253,82.954536438,59.3642845154,OPEN_EXHIBITION_SPACE_2
c_254,82.954536438,65.0752258301,OPEN_EXHIBITION_SPACE_2
c_255,82.954536438,70.7861633301,OPEN_EXHIBITION_SPACE_2
c_256,78.0525360107,77.448928833,OPEN_EXHIBITION_SPACE_2
c_257,82.954536438,76.4971008301,OPEN_EXHIBITION_SPACE_2
c_258,77.0721359253,82.2080383301,OPEN_EXHIBITION_SPACE_2
c_259,82.954536438,82.2080383301,OPEN_EXHIBITION_SPACE_2
c_260,77.3289108276,86.66854095459999,OPEN_EXHIBITION_SPACE_2
c_261,79.9948959351,88.2735824585,OPEN_EXHIBITION_SPACE_2
c_262,83.6133270264,87.47105407709999,OPEN_EXHIBITION_SPACE_2
c_263,88.8369445801,19.3877239227,OPEN_EXHIBITION_SPACE_2
c_264,88.8369445801,13.6767864227,OPEN_EXHIBITION_SPACE_2
c_265,88.8369445801,25.0986614227,OPEN_EXHIBITION_SPACE_2
c_266,88.8369445801,30.809597015399998,OPEN_EXHIBITION_SPACE_2
c_267,88.8369445801,36.5205345154,OPEN_EXHIBITION_SPACE_2
c_268,88.8369445801,42.2314720154,OPEN_EXHIBITION_SPACE_2
c_269,88.8369445801,47.9424095154,OPEN_EXHIBITION_SPACE_2
c_270,88.8369445801,53.6533470154,OPEN_EXHIBITION_SPACE_2
c_271,88.8369445801,59.3642845154,OPEN_EXHIBITION_SPACE_2
c_272,88.8369445801,65.0752258301,OPEN_EXHIBITION_SPACE_2
c_273,88.8369445801,70.7861633301,OPEN_EXHIBITION_SPACE_2
c_274,88.8369445801,76.4971008301,OPEN_EXHIBITION_SPACE_2
c_275,88.8369445801,82.2080383301,OPEN_EXHIBITION_SPACE_2
c_276,87.6709442139,88.2735748291,OPEN_EXHIBITION_SPACE_2
c_277,89.4585571289,86.66854095459999,OPEN_EXHIBITION_SPACE_2
c_278,94.71934509280001,19.3877239227,OPEN_EXHIBITION_SPACE_2
c_279,94.71934509280001,13.6767864227,OPEN_EXHIBITION_SPACE_2
c_280,94.71934509280001,25.0986614227,OPEN_EXHIBITION_SPACE_2
c_281,94.71934509280001,30.809597015399998,OPEN_EXHIBITION_SPACE_2
c_282,94.71934509280001,36.5205345154,OPEN_EXHIBITION_SPACE_2
c_283,94.71934509280001,42.2314720154,OPEN_EXHIBITION_SPACE_2
c_284,94.71934509280001,47.9424095154,OPEN_EXHIBITION_SPACE_2
c_285,94.71934509280001,53.6533470154,OPEN_EXHIBITION_SPACE_2
c_286,94.71934509280001,59.3642845154,OPEN_EXHIBITION_SPACE_2
c_287,94.71934509280001,65.0752258301,OPEN_EXHIBITION_SPACE_2
c_288,94.71934509280001,70.7861633301,OPEN_EXHIBITION_SPACE_2
c_289,94.71934509280001,76.4971008301,OPEN_EXHIBITION_SPACE_2
c_290,94.71934509280001,82.2080383301,OPEN_EXHIBITION_SPACE_2
c_291,92.4893722534,88.2735824585,OPEN_EXHIBITION_SPACE_2
c_292,94.8089599609,86.66854095459999,OPEN_EXHIBITION_SPACE_2
c_293,100.601745605,19.3877239227,OPEN_EXHIBITION_SPACE_2
c_294,100.601745605,13.6767864227,OPEN_EXHIBITION_SPACE_2
c_295,100.601745605,25.0986614227,OPEN_EXHIBITION_SPACE_2
c_296,100.601745605,30.809597015399998,OPEN_EXHIBITION_SPACE_2
c_297,100.601745605,36.5205345154,OPEN_EXHIBITION_SPACE_2
c_298,100.601745605,42.2314720154,OPEN_EXHIBITION_SPACE_2
c_299,100.601745605,47.9424095154,OPEN_EXHIBITION_SPACE_2
c_300,100.601745605,53.6533470154,OPEN_EXHIBITION_SPACE_2
c_301,100.601745605,59.3642845154,OPEN_EXHIBITION_SPACE_2
c_302,100.601745605,65.0752258301,OPEN_EXHIBITION_SPACE_2
c_303,100.601745605,70.7861633301,OPEN_EXHIBITION_SPACE_2
c_304,100.601745605,76.4971008301,OPEN_EXHIBITION_SPACE_2
c_305,100.601745605,82.2080383301,OPEN_EXHIBITION_SPACE_2
c_306,97.30780029299999,88.2735748291,OPEN_EXHIBITION_SPACE_2
c_307,101.00980377200001,87.47105407709999,OPEN_EXHIBITION_SPACE_2
c_308,106.484146118,19.3877239227,OPEN_EXHIBITION_SPACE_2
c_309,106.484146118,13.6767864227,OPEN_EXHIBITION_SPACE_2
c_310,106.484146118,25.0986614227,OPEN_EXHIBITION_SPACE_2
c_311,106.484146118,30.809597015399998,OPEN_EXHIBITION_SPACE_2
c_312,106.484146118,36.5205345154,OPEN_EXHIBITION_SPACE_2
c_313,106.484146118,42.2314720154,OPEN_EXHIBITION_SPACE_2
c_314,106.484146118,47.9424095154,OPEN_EXHIBITION_SPACE_2
c_315,106.484146118,53.6533470154,OPEN_EXHIBITION_SPACE_2
c_316,106.484146118,59.3642845154,OPEN_EXHIBITION_SPACE_2
c_317,106.484146118,65.0752258301,OPEN_EXHIBITION_SPACE_2
c_318,106.484146118,70.7861633301,OPEN_EXHIBITION_SPACE_2
c_319,106.484146118,76.4971008301,OPEN_EXHIBITION_SPACE_2
c_320,106.484146118,82.2080383301,OPEN_EXHIBITION_SPACE_2
c_321,104.98384857200001,88.2735748291,OPEN_EXHIBITION_SPACE_2
c_322,106.938598633,86.66854095459999,OPEN_EXHIBITION_SPACE_2
c_323,112.366546631,19.3877239227,OPEN_EXHIBITION_SPACE_2
c_324,112.366546631,13.6767864227,OPEN_EXHIBITION_SPACE_2
c_325,112.366546631,25.0986614227,OPEN_EXHIBITION_SPACE_2
c_326,112.366546631,30.809597015399998,OPEN_EXHIBITION_SPACE_2
c_327,112.366546631,36.5205345154,OPEN_EXHIBITION_SPACE_2
c_328,112.366546631,42.2314720154,OPEN_EXHIBITION_SPACE_2
c_329,112.366546631,47.9424095154,OPEN_EXHIBITION_SPACE_2
c_330,112.366546631,53.6533470154,OPEN_EXHIBITION_SPACE_2
c_331,112.366546631,59.3642845154,OPEN_EXHIBITION_SPACE_2
c_332,112.366546631,65.0752258301,OPEN_EXHIBITION_SPACE_2
c_333,112.366546631,70.7861633301,OPEN_EXHIBITION_SPACE_2
c_334,112.366546631,76.4971008301,OPEN_EXHIBITION_SPACE_2
c_335,112.366546631,82.2080383301,OPEN_EXHIBITION_SPACE_2
c_336,109.802268982,88.2735748291,OPEN_EXHIBITION_SPACE_2
c_337,112.28902435299999,86.66854095459999,OPEN_EXHIBITION_SPACE_2
c_338,117.268547058,18.4359016418,OPEN_EXHIBITION_SPACE_2
c_339,118.248947144,13.6767864227,OPEN_EXHIBITION_SPACE_2
c_340,117.268547058,60.316108703599994,OPEN_EXHIBITION_SPACE_2
c_341,118.81225585899999,57.9379577637,OPEN_EXHIBITION_SPACE_2
c_342,118.248947144,65.0752258301,OPEN_EXHIBITION_SPACE_2
c_343,118.248947144,70.7861633301,OPEN_EXHIBITION_SPACE_2
c_344,118.248947144,76.4971008301,OPEN_EXHIBITION_SPACE_2
c_345,118.248947144,82.2080383301,OPEN_EXHIBITION_SPACE_2
c_346,114.620697021,88.2735824585,OPEN_EXHIBITION_SPACE_2
c_347,117.639427185,86.66854095459999,OPEN_EXHIBITION_SPACE_2
c_348,127.072555542,14.6286087036,OPEN_EXHIBITION_SPACE_2
c_349,123.1509552,12.724963188199998,OPEN_EXHIBITION_SPACE_2
c_350,124.131347656,65.0752258301,OPEN_EXHIBITION_SPACE_2
c_351,124.023643494,59.841606140100005,OPEN_EXHIBITION_SPACE_2
c_352,121.64575195299999,57.4634513855,OPEN_EXHIBITION_SPACE_2
c_353,124.131347656,70.7861633301,OPEN_EXHIBITION_SPACE_2
c_354,124.131347656,76.4971008301,OPEN_EXHIBITION_SPACE_2
c_355,124.131347656,82.2080383301,OPEN_EXHIBITION_SPACE_2
c_356,119.43913269,88.2735748291,OPEN_EXHIBITION_SPACE_2
c_357,123.49070739700001,87.47105407709999,OPEN_EXHIBITION_SPACE_2
c_358,130.013748169,65.0752258301,OPEN_EXHIBITION_SPACE_2
c_359,129.812988281,58.6525268555,OPEN_EXHIBITION_SPACE_2
c_360,126.18611908,57.4634513855,OPEN_EXHIBITION_SPACE_2
c_361,130.013748169,70.7861633301,OPEN_EXHIBITION_SPACE_2
c_362,130.013748169,76.4971008301,OPEN_EXHIBITION_SPACE_2
c_363,130.013748169,82.2080383301,OPEN_EXHIBITION_SPACE_2
c_364,127.11517334,88.2735748291,OPEN_EXHIBITION_SPACE_2
c_365,130.718338013,87.47105407709999,OPEN_EXHIBITION_SPACE_2
c_366,135.89614868200002,65.0752258301,OPEN_EXHIBITION_SPACE_2
c_367,136.623535156,58.6525268555,OPEN_EXHIBITION_SPACE_2
c_368,133.306045532,57.4634513855,OPEN_EXHIBITION_SPACE_2
c_369,135.89614868200002,70.7861633301,OPEN_EXHIBITION_SPACE_2
c_370,135.89614868200002,76.4971008301,OPEN_EXHIBITION_SPACE_2
c_371,135.89614868200002,82.2080383301,OPEN_EXHIBITION_SPACE_2
c_372,134.79122924799998,88.2735824585,OPEN_EXHIBITION_SPACE_2
c_373,136.548309326,86.66854095459999,OPEN_EXHIBITION_SPACE_2
c_374,141.778549194,65.0752258301,OPEN_EXHIBITION_SPACE_2
c_375,141.499420166,58.6525268555,OPEN_EXHIBITION_SPACE_2
c_376,141.778549194,70.7861633301,OPEN_EXHIBITION_SPACE_2
c_377,141.778549194,76.4971008301,OPEN_EXHIBITION_SPACE_2
c_378,141.778549194,82.2080383301,OPEN_EXHIBITION_SPACE_2
c_379,140.887176514,87.47105407709999,OPEN_EXHIBITION_SPACE_2
c_380,147.66094970700001,65.0752258301,OPEN_EXHIBITION_SPACE_2
c_381,147.448730469,59.841606140100005,OPEN_EXHIBITION_SPACE_2
c_382,144.966323853,57.4634513855,OPEN_EXHIBITION_SPACE_2
c_383,147.66094970700001,70.7861633301,OPEN_EXHIBITION_SPACE_2
c_384,147.66094970700001,76.4971008301,OPEN_EXHIBITION_SPACE_2
c_385,147.66094970700001,82.2080383301,OPEN_EXHIBITION_SPACE_2
c_386,144.42808532700002,88.2735824585,OPEN_EXHIBITION_SPACE_2
c_387,147.249130249,86.66854095459999,OPEN_EXHIBITION_SPACE_2
c_388,154.093460083,2.7028281688700004,OPEN_EXHIBITION_SPACE_2
c_389,150.54730224600002,2.95748949051,OPEN_EXHIBITION_SPACE_2
c_390,149.172729492,5.07184648514,OPEN_EXHIBITION_SPACE_2
c_391,149.53009033200001,8.09498214722,OPEN_EXHIBITION_SPACE_2
c_392,153.543365479,7.96584892273,OPEN_EXHIBITION_SPACE_2
c_393,146.961914063,10.3156003952,OPEN_EXHIBITION_SPACE_2
c_394,147.66094970700001,13.6767864227,OPEN_EXHIBITION_SPACE_2
c_395,153.543365479,13.6767864227,OPEN_EXHIBITION_SPACE_2
c_396,152.660125732,20.733549118,OPEN_EXHIBITION_SPACE_2
c_397,154.52377319299998,18.4359016418,OPEN_EXHIBITION_SPACE_2
c_398,153.543365479,65.0752258301,OPEN_EXHIBITION_SPACE_2
c_399,154.52377319299998,60.316108703599994,OPEN_EXHIBITION_SPACE_2
c_400,152.660125732,57.9379577637,OPEN_EXHIBITION_SPACE_2
c_401,149.506698608,57.4634513855,OPEN_EXHIBITION_SPACE_2
c_402,153.543365479,70.7861633301,OPEN_EXHIBITION_SPACE_2
c_403,153.543365479,76.4971008301,OPEN_EXHIBITION_SPACE_2
c_404,152.562973022,82.2080383301,OPEN_EXHIBITION_SPACE_2
c_405,154.52377319299998,80.304397583,OPEN_EXHIBITION_SPACE_2
c_406,149.246505737,88.2735824585,OPEN_EXHIBITION_SPACE_2
c_407,153.199249268,87.47105407709999,OPEN_EXHIBITION_SPACE_2
c_408,154.52377319299998,84.1116867065,OPEN_EXHIBITION_SPACE_2
c_409,157.935150146,8.1751499176,OPEN_EXHIBITION_SPACE_2
c_410,159.384521484,6.0495481491100005,OPEN_EXHIBITION_SPACE_2
c_411,158.007568359,3.2833898067500003,OPEN_EXHIBITION_SPACE_2
c_412,157.93634033200001,13.3655195236,OPEN_EXHIBITION_SPACE_2
c_413,159.386901855,10.719351768500001,OPEN_EXHIBITION_SPACE_2
c_414,157.938720703,19.9389705658,OPEN_EXHIBITION_SPACE_2
c_415,159.391693115,18.1553134918,OPEN_EXHIBITION_SPACE_2
c_416,159.389312744,15.389155387899999,OPEN_EXHIBITION_SPACE_2
c_417,152.757263184,24.350368499800002,OPEN_EXHIBITION_SPACE_2
c_418,154.620910645,27.7636566162,OPEN_EXHIBITION_SPACE_2
c_419,157.941131592,28.4160671234,OPEN_EXHIBITION_SPACE_2
c_420,159.396484375,25.5912761688,OPEN_EXHIBITION_SPACE_2
c_421,159.394088745,22.825117111199997,OPEN_EXHIBITION_SPACE_2
c_422,157.949493408,59.037719726599995,OPEN_EXHIBITION_SPACE_2
c_423,159.413238525,56.3762588501,OPEN_EXHIBITION_SPACE_2
c_424,157.94830322299998,53.8473510742,OPEN_EXHIBITION_SPACE_2
c_425,153.689086914,53.3799476624,OPEN_EXHIBITION_SPACE_2
c_426,157.951889038,65.6111755371,OPEN_EXHIBITION_SPACE_2
c_427,159.418014526,63.8122177124,OPEN_EXHIBITION_SPACE_2
c_428,159.415618896,61.0460624695,OPEN_EXHIBITION_SPACE_2
c_429,157.955108643,70.5748596191,OPEN_EXHIBITION_SPACE_2
c_430,159.422424316,68.2553405762,OPEN_EXHIBITION_SPACE_2
c_431,157.961547852,76.6949310303,OPEN_EXHIBITION_SPACE_2
c_432,159.43531799299998,74.7845535278,OPEN_EXHIBITION_SPACE_2
c_433,159.428863525,72.4717712402,OPEN_EXHIBITION_SPACE_2
c_434,157.41796875,80.7067947388,OPEN_EXHIBITION_SPACE_2
c_435,158.89495849600002,79.0009765625,OPEN_EXHIBITION_SPACE_2
c_436,156.922576904,87.2381515503,OPEN_EXHIBITION_SPACE_2
c_437,158.351379395,85.1672973633,OPEN_EXHIBITION_SPACE_2
c_438,157.41796875,83.645866394,OPEN_EXHIBITION_SPACE_2
c_439,158.351379395,82.1446228027,OPEN_EXHIBITION_SPACE_2
c_440,54.52293396,54.1292572021,OPEN_EXHIBITION_SPACE_2
c_441,52.8072319031,55.7949485779,OPEN_EXHIBITION_SPACE_2
c_442,52.2761230469,57.101860046400006,OPEN_EXHIBITION_SPACE_2
c_443,52.7663269043,58.0536804199,OPEN_EXHIBITION_SPACE_2
c_444,53.05233764649999,52.7015228271,OPEN_EXHIBITION_SPACE_2
c_445,52.8072319031,54.3672142029,OPEN_EXHIBITION_SPACE_2
c_446,51.7859268188,55.229499816899995,OPEN_EXHIBITION_SPACE_2
c_447,51.499919891400005,56.2984542847,OPEN_EXHIBITION_SPACE_2
c_448,51.7859268188,54.277671813999994,OPEN_EXHIBITION_SPACE_2
c_449,52.3782234192,60.587322235100004,OPEN_EXHIBITION_SPACE_2
c_450,51.9901199341,63.7879104614,OPEN_EXHIBITION_SPACE_2
c_451,18.2289009094,11.4851913452,OPEN_EXHIBITION_SPACE_2
c_452,19.7091140747,13.7259817123,OPEN_EXHIBITION_SPACE_2
c_453,27.0717258453,13.6767864227,OPEN_EXHIBITION_SPACE_2
c_454,26.557586669899997,10.484172821,OPEN_EXHIBITION_SPACE_2
c_455,22.6192131042,10.1470279694,OPEN_EXHIBITION_SPACE_2
c_456,19.6923370361,10.1470279694,OPEN_EXHIBITION_SPACE_2
c_457,18.2289009094,16.0651626587,OPEN_EXHIBITION_SPACE_2
c_458,19.5394134521,18.7232627869,OPEN_EXHIBITION_SPACE_2
c_459,22.1604423523,20.0249710083,OPEN_EXHIBITION_SPACE_2
c_460,24.781467437699998,19.988517761199997,OPEN_EXHIBITION_SPACE_2
c_461,27.562253952,18.251274108900002,OPEN_EXHIBITION_SPACE_2
c_462,35.8953285217,13.6767864227,OPEN_EXHIBITION_SPACE_2
c_463,36.2002067566,10.3156003952,OPEN_EXHIBITION_SPACE_2
c_464,32.3945579529,10.1470279694,OPEN_EXHIBITION_SPACE_2
c_465,29.4676876068,10.1470279694,OPEN_EXHIBITION_SPACE_2
c_466,31.3240947723,19.9520645142,OPEN_EXHIBITION_SPACE_2
c_467,33.945121765100005,19.9156093597,OPEN_EXHIBITION_SPACE_2
c_468,36.0656814575,18.2148189545,OPEN_EXHIBITION_SPACE_2
c_469,41.777729034400004,13.6767864227,OPEN_EXHIBITION_SPACE_2
c_470,41.3365631104,10.3156003952,OPEN_EXHIBITION_SPACE_2
c_471,47.6601295471,13.6767864227,OPEN_EXHIBITION_SPACE_2
c_472,48.6680755615,10.3156003952,OPEN_EXHIBITION_SPACE_2
c_473,45.0967826843,10.1470279694,OPEN_EXHIBITION_SPACE_2
c_474,38.5269470215,19.8791561127,OPEN_EXHIBITION_SPACE_2
c_475,41.297798156700004,18.1965923309,OPEN_EXHIBITION_SPACE_2
c_476,53.8044319153,10.3156003952,OPEN_EXHIBITION_SPACE_2
c_477,47.84042358399999,18.160139083900003,OPEN_EXHIBITION_SPACE_2
c_478,50.3116264343,19.769794464100002,OPEN_EXHIBITION_SPACE_2
c_479,58.940788268999995,10.3156003952,OPEN_EXHIBITION_SPACE_2
c_480,43.1087760925,19.8427028656,OPEN_EXHIBITION_SPACE_2
c_481,45.729804992700004,19.8062496185,OPEN_EXHIBITION_SPACE_2
c_482,65.2189331055,10.484172821,OPEN_EXHIBITION_SPACE_2
c_483,62.6866760254,10.1470279694,OPEN_EXHIBITION_SPACE_2
c_484,71.40865325930001,10.3156003952,OPEN_EXHIBITION_SPACE_2
c_485,67.5743560791,10.1470279694,OPEN_EXHIBITION_SPACE_2
c_486,76.5450134277,10.3156003952,OPEN_EXHIBITION_SPACE_2
c_487,82.8374786377,10.484172821,OPEN_EXHIBITION_SPACE_2
c_488,80.27657318119999,10.1470279694,OPEN_EXHIBITION_SPACE_2
c_489,94.14923095700001,10.3156003952,OPEN_EXHIBITION_SPACE_2
c_490,89.01287841799999,10.3156003952,OPEN_EXHIBITION_SPACE_2
c_491,85.1642532349,10.1470279694,OPEN_EXHIBITION_SPACE_2
c_492,101.480743408,10.3156003952,OPEN_EXHIBITION_SPACE_2
c_493,97.8664779663,10.1470279694,OPEN_EXHIBITION_SPACE_2
c_494,42.299194335900005,67.5562286377,OPEN_EXHIBITION_SPACE_2
c_495,41.777729034400004,70.7861633301,OPEN_EXHIBITION_SPACE_2
c_496,47.6601295471,70.7861633301,OPEN_EXHIBITION_SPACE_2
c_497,47.5327568054,67.5327911377,OPEN_EXHIBITION_SPACE_2
c_498,45.113021850600006,67.1583175659,OPEN_EXHIBITION_SPACE_2
c_499,26.110973358200003,67.3926620483,OPEN_EXHIBITION_SPACE_2
c_500,24.801197052,68.5425109863,OPEN_EXHIBITION_SPACE_2
c_501,25.9375534058,70.7034606934,OPEN_EXHIBITION_SPACE_2
c_502,32.9541282654,70.7861633301,OPEN_EXHIBITION_SPACE_2
c_503,32.4808959961,67.6265258789,OPEN_EXHIBITION_SPACE_2
c_504,28.7349014282,67.3457870483,OPEN_EXHIBITION_SPACE_2
c_505,40.5282936096,67.20518493649999,OPEN_EXHIBITION_SPACE_2
c_506,37.9043617249,67.2520523071,OPEN_EXHIBITION_SPACE_2
c_507,35.2804336548,67.2989196777,OPEN_EXHIBITION_SPACE_2
c_508,32.6324691772,73.7170944214,OPEN_EXHIBITION_SPACE_2
c_509,41.2859954834,73.7006530762,OPEN_EXHIBITION_SPACE_2
c_510,24.805570602399996,72.69900512699999,OPEN_EXHIBITION_SPACE_2
c_511,26.193319320700002,73.8172149658,OPEN_EXHIBITION_SPACE_2
c_512,28.9644432068,73.8007736206,OPEN_EXHIBITION_SPACE_2
c_513,49.6977539063,67.1114425659,OPEN_EXHIBITION_SPACE_2
c_514,43.160217285200005,73.751449585,OPEN_EXHIBITION_SPACE_2
c_515,47.9787216187,73.6842193604,OPEN_EXHIBITION_SPACE_2
c_516,50.663269043,73.7185821533,OPEN_EXHIBITION_SPACE_2
c_517,53.2858848572,73.67599487300001,OPEN_EXHIBITION_SPACE_2
c_518,55.395195007299996,73.7021408081,OPEN_EXHIBITION_SPACE_2
c_519,59.978607177700006,73.6595611572,OPEN_EXHIBITION_SPACE_2
c_520,62.898246765100005,73.66925811770001,OPEN_EXHIBITION_SPACE_2
c_521,73.7476577759,79.59609985350001,OPEN_EXHIBITION_SPACE_2
c_522,73.9393005371,82.0553665161,OPEN_EXHIBITION_SPACE_2
c_523,73.7476577759,84.2092819214,OPEN_EXHIBITION_SPACE_2
c_524,75.1764678955,86.9188079834,OPEN_EXHIBITION_SPACE_2
c_525,106.61710357700001,10.3156003952,OPEN_EXHIBITION_SPACE_2
c_526,118.074577332,10.484172821,OPEN_EXHIBITION_SPACE_2
c_527,115.45635986299999,10.1470279694,OPEN_EXHIBITION_SPACE_2
c_528,111.753463745,10.3156003952,OPEN_EXHIBITION_SPACE_2
c_529,124.221328735,10.3156003952,OPEN_EXHIBITION_SPACE_2
c_530,120.344039917,10.1470279694,OPEN_EXHIBITION_SPACE_2
c_531,130.994155884,12.724963188199998,OPEN_EXHIBITION_SPACE_2
c_532,135.89614868200002,13.6767864227,OPEN_EXHIBITION_SPACE_2
c_533,136.689193726,10.3156003952,OPEN_EXHIBITION_SPACE_2
c_534,133.046264648,10.1470279694,OPEN_EXHIBITION_SPACE_2
c_535,129.357681274,10.3156003952,OPEN_EXHIBITION_SPACE_2
c_536,141.778564453,13.6767864227,OPEN_EXHIBITION_SPACE_2
c_537,141.825546265,10.3156003952,OPEN_EXHIBITION_SPACE_2
c_538,153.689086914,36.8985137939,OPEN_EXHIBITION_SPACE_2
c_539,157.943511963,36.893157959,OPEN_EXHIBITION_SPACE_2
c_540,159.401260376,34.930885314899996,OPEN_EXHIBITION_SPACE_2
c_541,159.39886474600002,32.1647262573,OPEN_EXHIBITION_SPACE_2
c_542,152.757263184,30.7960014343,OPEN_EXHIBITION_SPACE_2
c_543,152.757263184,33.4343414307,OPEN_EXHIBITION_SPACE_2
c_544,153.689086914,41.7327384949,OPEN_EXHIBITION_SPACE_2
c_545,157.944702148,42.083534240700004,OPEN_EXHIBITION_SPACE_2
c_546,159.403656006,39.600688934299995,OPEN_EXHIBITION_SPACE_2
c_547,153.689086914,48.5457229614,OPEN_EXHIBITION_SPACE_2
c_548,157.945907593,47.2739028931,OPEN_EXHIBITION_SPACE_2
c_549,159.406051636,44.270488738999994,OPEN_EXHIBITION_SPACE_2
c_550,152.757263184,45.156658172600004,OPEN_EXHIBITION_SPACE_2
c_551,159.410827637,51.70645141600001,OPEN_EXHIBITION_SPACE_2
c_552,159.40843200700002,48.940299987799996,OPEN_EXHIBITION_SPACE_2
c_553,164.487716675,68.23973846439999,OUTSIDE_RESTROOM
c_554,164.247344971,70.2422180176,OUTSIDE_RESTROOM
c_555,167.306381226,71.4945983887,OUTSIDE_RESTROOM
c_556,170.941925049,70.6256027222,OUTSIDE_RESTROOM
c_557,171.740524292,68.24699401859999,OUTSIDE_RESTROOM
c_558,169.245101929,67.55165100100001,OUTSIDE_RESTROOM
c_559,166.536712646,67.54439544680001,OUTSIDE_RESTROOM
c_560,224.34622192400002,66.5525436401,OUTSIDE_RESTROOM
c_561,222.528442383,68.2905426025,OUTSIDE_RESTROOM
c_562,222.197097778,71.469039917,OUTSIDE_RESTROOM
c_563,225.59228515599997,72.3124847412,OUTSIDE_RESTROOM
c_564,228.98983764599998,71.469039917,OUTSIDE_RESTROOM
c_565,228.323669434,66.33171844479999,OUTSIDE_RESTROOM
c_566,227.67041015599997,61.194396972700005,OUTSIDE_RESTROOM
c_567,224.221435547,61.27652740479999,OUTSIDE_RESTROOM
c_568,223.071990967,63.127666473400005,OUTSIDE_RESTROOM
c_569,223.08758544900002,64.978805542,OUTSIDE_RESTROOM
c_570,232.83151245099998,71.0345458984,OUTSIDE_RESTROOM
c_571,234.18685913099998,68.4786605835,OUTSIDE_RESTROOM
c_572,232.618591309,66.33171844479999,OUTSIDE_RESTROOM
c_573,234.18685913099998,64.18478393550001,OUTSIDE_RESTROOM
c_574,233.02182006799998,61.628898620600005,OUTSIDE_RESTROOM
c_575,230.691680908,60.3509597778,OUTSIDE_RESTROOM
c_576,164.42300415,72.77253723140001,OUTSIDE_RESTROOM
c_577,167.64671325700002,73.18148040770001,OUTSIDE_RESTROOM
c_578,162.919448853,67.5371322632,OUTSIDE_RESTROOM
c_579,161.565414429,68.7282485962,OUTSIDE_RESTROOM
c_580,162.22482299799998,70.2998580933,OUTSIDE_RESTROOM
c_581,161.56578064,71.9867401123,OUTSIDE_RESTROOM
c_582,162.118865967,73.18148040770001,OUTSIDE_RESTROOM
c_583,176.703704834,72.3124847412,OUTSIDE_RESTROOM
c_584,179.105941772,70.6256027222,OUTSIDE_RESTROOM
c_585,179.902206421,68.2542572021,OUTSIDE_RESTROOM
c_586,178.297409058,67.5661621094,OUTSIDE_RESTROOM
c_587,175.589035034,67.5589141846,OUTSIDE_RESTROOM
c_588,173.99298095700001,72.3124847412,OUTSIDE_RESTROOM
c_589,189.572845459,71.469039917,OUTSIDE_RESTROOM
c_590,189.88168335,68.26151275630001,OUTSIDE_RESTROOM
c_591,187.349731445,67.5806808472,OUTSIDE_RESTROOM
c_592,184.89193725599998,68.25788879390001,OUTSIDE_RESTROOM
c_593,184.813156128,71.469039917,OUTSIDE_RESTROOM
c_594,182.82357788099998,67.573425293,OUTSIDE_RESTROOM
c_595,181.23220825200002,72.3124847412,OUTSIDE_RESTROOM
c_596,195.434005737,70.6256027222,OUTSIDE_RESTROOM
c_597,196.225585938,68.26876831050001,OUTSIDE_RESTROOM
c_598,194.584274292,67.595199585,OUTSIDE_RESTROOM
c_599,191.87588501,67.5879440308,OUTSIDE_RESTROOM
c_600,192.999908447,72.3124847412,OUTSIDE_RESTROOM
c_601,201.125274658,71.469039917,OUTSIDE_RESTROOM
c_602,201.21533203099997,68.2723999023,OUTSIDE_RESTROOM
c_603,199.11041259799998,67.6024475098,OUTSIDE_RESTROOM
c_604,197.52838134799998,72.3124847412,OUTSIDE_RESTROOM
c_605,205.88497924799998,71.469039917,OUTSIDE_RESTROOM
c_606,206.205062866,68.27602386470001,OUTSIDE_RESTROOM
c_607,203.636581421,67.6097106934,OUTSIDE_RESTROOM
c_608,209.29611206099997,72.3124847412,OUTSIDE_RESTROOM
c_609,211.76205444299998,70.6256027222,OUTSIDE_RESTROOM
c_610,212.548995972,68.2832870483,OUTSIDE_RESTROOM
c_611,210.87113952599998,67.6242218018,OUTSIDE_RESTROOM
c_612,208.16275024400002,67.6169662476,OUTSIDE_RESTROOM
c_613,213.82458496099997,72.3124847412,OUTSIDE_RESTROOM
c_614,217.437408447,71.469039917,OUTSIDE_RESTROOM
c_615,217.53872680700002,68.2869186401,OUTSIDE_RESTROOM
c_616,215.39727783200001,67.6314849854,OUTSIDE_RESTROOM
c_617,219.923446655,67.63874816890001,OUTSIDE_RESTROOM
c_618,172.98298645,59.6333656311,BEEHUB_NEXUS
c_619,172.98298645,54.9390335083,BEEHUB_NEXUS
c_620,178.922729492,54.9390335083,BEEHUB_NEXUS
c_621,178.922729492,59.6333656311,BEEHUB_NEXUS
c_622,172.98298645,64.3276977539,BEEHUB_NEXUS
c_623,178.922729492,64.3276977539,BEEHUB_NEXUS
c_624,184.862457275,54.9390335083,BEEHUB_NEXUS
c_625,184.862457275,59.6333656311,BEEHUB_NEXUS
c_626,184.862457275,64.3276977539,BEEHUB_NEXUS
