Unnamed: 0,time,clothing,comfort_cozie,heartRate_cozie,lat_cozie,light_cozie,lon_cozie,noise_cozie,responseSpeed_cozie,thermal_cozie,user_id,Floor,Latitude,Longitude,Space_id,room,co2_sensing,humidity_sensing,light_sensing,noise_sensing,temperature_sensing,voc_sensing,sh_point2,x,y
0,2019-10-16 04:43:37.822000+00:00,10.0,9.0,116.0,,10.0,,11.0,4.564,11.0,cresh06,3.0,1.2969607525234643,103.77039972731993,-1.0,OPEN_EXHIBITION_SPACE_2,510.0,82.2047,134.0,63.0,29.3464,50.0,POINT (41802.76990842055 20047.87090818601),41.80276990842055,20.04787090818601
1,2019-10-11 07:48:44.859000+00:00,9.0,10.0,77.0,1.2964283333,10.0,103.7700883333,11.0,8.055,11.0,cresh12,3.0,1.2969353138775372,103.7703498861378,0.0,OPEN_EXHIBITION_SPACE_2,516.0,78.078,297.0,65.0,29.9423,50.0,POINT (36850.63850043109 16117.95714522529),36.85063850043109,16.11795714522529
2,2019-10-16 07:35:13.493000+00:00,9.0,,96.0,,10.0,,10.0,1142.244,10.0,cresh09,3.0,1.296855117391032,103.77033389936659,1.0,CAFE,-99.0,70.219,94.0,66.0,28.7791,-99.0,POINT (38905.26512356853 8645.812868831998),38.90526512356853,8.645812868831998
3,2019-10-16 04:37:26.193000+00:00,9.0,10.0,107.0,,9.0,,10.0,5.6770000000000005,10.0,cresh09,3.0,1.296942665211488,103.7704042200462,0.0,OPEN_EXHIBITION_SPACE_2,506.0,81.555,147.0,64.0,29.4506,50.0,POINT (43279.83320306188 18644.75584429736),43.27983320306188,18.64475584429736
4,2019-10-11 01:44:30.664000+00:00,9.0,9.0,101.0,,9.0,,11.0,6.257999999999999,11.0,cresh01,3.0,1.296958067688093,103.77035704642029,0.0,OPEN_EXHIBITION_SPACE_2,590.0,82.9091,123.0,65.0,28.5029,50.0,POINT (36596.18656683792 18329.42784253559),36.596186566837915,18.32942784253559
5,2019-10-09 07:45:54.407000+00:00,9.0,10.0,78.0,,10.0,,11.0,7.798999999999999,11.0,cresh15,3.0,1.2968607937499557,103.77033121325569,1.0,CAFE,,,,,,,POINT (38281.98090458098 9041.694663547725),38.28198090458098,9.041694663547725
6,2019-10-23 05:30:37.405000+00:00,9.0,10.0,72.0,,10.0,,11.0,2.636,10.0,cresh26,3.0,1.2969155342435228,103.77046262548781,-1.0,OUTSIDE_RESTROOM,486.0,82.4954,51.0,63.0,29.2368,50.0,POINT (51962.49616793212 18340.0569739856),51.96249616793212,18.3400569739856
7,2019-09-30 08:53:55.188000+00:00,10.0,10.0,80.0,,10.0,,10.0,0.9359999999999999,10.0,cresh39,3.0,1.296811814813906,103.77045360493582,2.0,ENERGY_LAB_1,534.0,69.6409,31.0,52.0,26.0001,133.0,POINT (56078.68289328461 9082.266066005694),56.07868289328461,9.082266066005694
8,2019-10-24 09:48:07.030000+00:00,9.0,10.0,108.0,,10.0,,10.0,3.228,10.0,cresh27,3.0,1.2968484089433865,103.77040874787191,2.0,ENERGY_LAB_1,510.0,64.5422,36.0,47.0,26.5592,137.0,POINT (48613.29796642563 10674.95933948029),48.61329796642563,10.67495933948029
9,2019-10-24 09:48:49.935000+00:00,9.0,10.0,99.0,1.2968416667,10.0,103.77035500000001,10.0,3.3280000000000003,10.0,cresh27,3.0,1.296846581851922,103.77041317067356,2.0,ENERGY_LAB_1,514.0,64.2636,37.0,46.0,26.5929,140.0,POINT (49259.29872349566 10671.49610815168),49.25929872349566,10.671496108151679
10,2019-10-08 06:31:05.801000+00:00,10.0,10.0,105.0,,10.0,,10.0,64.633,11.0,cresh09,3.0,1.296947187039482,103.77037726368854,0.0,OPEN_EXHIBITION_SPACE_2,538.0,82.4407,237.0,67.0,28.1597,50.0,POINT (39677.03336885366 18095.54774772773),39.677033368853664,18.095547747727732
11,2019-10-21 07:34:33.576000+00:00,9.0,10.0,78.0,,10.0,,10.0,2.86,10.0,cresh10,3.0,1.2969037858808483,103.77034212587452,1.0,CAFE,-99.0,76.5204,100.0,63.0,28.4255,-99.0,POINT (37473.71812454608 13129.00268367647),37.47371812454608,13.12900268367647
12,2019-10-30 01:50:51.826000+00:00,10.0,10.0,114.0,,10.0,,10.0,5.051,10.0,cresh27,3.0,1.296912142872527,103.7703554318468,1.0,CAFE,-99.0,72.0495,171.0,67.0,26.9402,-99.0,POINT (38716.59541907909 14313.16914505049),38.716595419079084,14.31316914505049
13,2019-10-09 04:06:37.640000+00:00,10.0,10.0,72.0,,9.0,,11.0,6.4579999999999975,10.0,cresh07,3.0,1.296903733470413,103.77038239266231,1.0,CAFE,-99.0,67.801,89.0,67.0,28.5872,-99.0,POINT (42516.55521399835 14527.31442234067),42.51655521399835,14.527314422340671
14,2019-10-30 02:11:29.824000+00:00,10.0,10.0,97.0,,10.0,,10.0,4.593,11.0,cresh27,3.0,1.2968386631676216,103.77032784369949,0.0,OPEN_EXHIBITION_SPACE_2,516.0,74.4136,195.0,67.0,30.8331,50.0,POINT (38979.39953861327 7016.026639706037),38.979399538613265,7.016026639706037
15,2019-10-08 07:18:45.358000+00:00,10.0,10.0,96.0,,10.0,,10.0,17.464000000000002,11.0,cresh09,3.0,1.2969488827249798,103.7703862491411,0.0,OPEN_EXHIBITION_SPACE_2,560.0,77.01100000000002,214.0,64.0,29.0484,50.0,POINT (40715.98683012687 18554.80239252213),40.71598683012687,18.55480239252213
16,2019-10-11 07:54:08.160000+00:00,11.0,10.0,109.0,1.29702,10.0,103.7702266667,10.0,5.888,10.0,cresh07,3.0,1.2969963388718675,103.7701762199462,-1.0,OPEN_EXHIBITION_SPACE_2,502.0,77.3213,302.0,64.0,29.7338,50.0,POINT (12026.72318683629 15329.77182606595),12.026723186836291,15.329771826065949
17,2019-10-08 11:15:06.584000+00:00,9.0,10.0,98.0,,10.0,,10.0,4.7940000000000005,10.0,cresh05,3.0,1.2969429963935644,103.77036489991644,0.0,OPEN_EXHIBITION_SPACE_2,596.0,85.9274,101.0,64.0,27.8027,50.0,POINT (38341.39112084136 17303.46211788116),38.341391120841365,17.30346211788116
18,2019-10-03 02:56:59.589000+00:00,10.0,,98.0,,10.0,,11.0,6148.658,10.0,cresh37,3.0,1.2968816205335665,103.77047385730349,3.0,BEEHUB_NEXUS,,,,,,,POINT (55083.46093173866 15807.04088762046),55.08346093173866,15.80704088762046
19,2019-10-03 03:03:25.931000+00:00,9.0,,72.0,,10.0,,10.0,9.636000000000001,10.0,cresh35,3.0,1.296843750224115,103.77045364003523,2.0,ENERGY_LAB_1,432.0,68.0655,64.0,49.0,26.2223,147.0,POINT (54468.04222367029 11837.21856988293),54.46804222367029,11.83721856988293
20,2019-10-03 04:36:57.744000+00:00,10.0,,95.0,,10.0,,10.0,4946.66,10.0,cresh37,3.0,1.2968640984286788,103.77046287118452,2.0,ENERGY_LAB_1,524.0,67.3878,60.0,47.0,26.4866,147.0,POINT (54594.45635717853 13913.40415002478),54.59445635717853,13.91340415002478
21,2019-10-09 07:29:00.851000+00:00,9.0,10.0,78.0,,10.0,,11.0,8.277999999999999,11.0,cresh15,3.0,1.296857033093848,103.77033317881195,1.0,CAFE,,,,,,,POINT (38718.19271665037 8785.897299683609),38.718192716650364,8.78589729968361
22,2019-10-30 02:39:15.943000+00:00,10.0,10.0,101.0,,11.0,,10.0,6.247000000000001,10.0,cresh27,3.0,1.2968409240816188,103.77032559733637,0.0,OPEN_EXHIBITION_SPACE_2,522.0,72.5449,162.0,68.0,31.0416,50.0,POINT (38583.88397569567 7132.721227811537),38.58388397569567,7.132721227811537
23,2019-10-14 06:54:08.032000+00:00,9.0,10.0,71.0,,10.0,,11.0,9.17,11.0,cresh15,3.0,1.2968533591086029,103.77033226622692,1.0,CAFE,,,,,,,POINT (38789.76498960342 8437.303523587172),38.78976498960342,8.437303523587172
24,2019-10-14 07:10:35.256000+00:00,9.0,,74.0,,9.0,,11.0,219.24099999999999,11.0,cresh15,3.0,1.2968618837626191,103.77033251286119,1.0,CAFE,,,,,,,POINT (38389.5282909956 9180.96057624057),38.3895282909956,9.18096057624057
25,2019-10-07 05:43:58.484000+00:00,11.0,10.0,94.0,,9.0,,11.0,15.270999999999999,11.0,cresh14,3.0,1.296924577899511,103.770222264632,0.0,OPEN_EXHIBITION_SPACE_2,534.0,76.3079,113.0,67.0,28.8704,50.0,POINT (21419.21624588542 10746.08342417354),21.419216245885423,10.74608342417354
26,2019-10-24 07:42:29.599000+00:00,9.0,10.0,82.0,,10.0,,10.0,2.033,10.0,cresh27,3.0,1.2968717796827698,103.77037765912512,1.0,CAFE,,,,,,,POINT (43540.02265080516 11607.09115012953),43.540022650805156,11.60709115012953
27,2019-10-14 07:27:08.378000+00:00,9.0,10.0,69.0,,10.0,,11.0,6.369,11.0,cresh15,3.0,1.2968533596565484,103.77033226602128,1.0,CAFE,,,,,,,POINT (38789.71154016167 8437.343608022738),38.78971154016167,8.437343608022738
28,2019-10-16 07:13:20.957000+00:00,9.0,,69.0,,10.0,,11.0,14.296,10.0,cresh12,3.0,1.2969358824694963,103.77045813276152,5.0,OUTSIDE_RESTROOM,598.0,78.3736,46.0,69.0,29.9055,50.0,POINT (50371.0941772983 19938.12635216671),50.371094177298296,19.93812635216671
29,2019-10-08 07:57:40.217000+00:00,9.0,10.0,89.0,,10.0,,10.0,6.227,10.0,cresh14,3.0,1.2968640527518742,103.77033420509994,1.0,CAFE,-99.0,74.0191,80.0,69.0,27.6172,-99.0,POINT (38491.65562564767 9426.943308259202),38.49165562564767,9.426943308259203
30,2019-10-08 07:55:27.351000+00:00,10.0,10.0,109.0,1.2965466667,10.0,103.77051,10.0,5.2,11.0,cresh09,3.0,1.2968070810252246,103.77038593324629,0.0,,,,,,,,POINT (47847.62631122617 6316.506188270718),47.84762631122617,6.316506188270718
31,2019-10-16 07:15:16.426000+00:00,9.0,10.0,89.0,,10.0,,10.0,14.924000000000001,10.0,cresh09,3.0,1.2968644695270148,103.77033760407801,1.0,CAFE,-99.0,67.6166,82.0,64.0,29.1024,-99.0,POINT (38896.02799122178 9581.296037914641),38.89602799122178,9.58129603791464
32,2019-10-30 02:29:26.019000+00:00,10.0,10.0,111.0,,11.0,,10.0,5.539,11.0,cresh27,3.0,1.2968988595869622,103.7702042937269,0.0,OPEN_EXHIBITION_SPACE_2,506.0,71.0339,169.0,70.0,31.0132,50.0,POINT (20470.42495987195 7902.364420178263),20.470424959871952,7.902364420178262
33,2019-10-23 08:35:04.124000+00:00,9.0,10.0,100.0,,9.0,,10.0,3.845,10.0,cresh25,3.0,1.2968409240816188,103.77032559733637,0.0,OPEN_EXHIBITION_SPACE_2,460.0,86.0613,83.0,64.0,28.4545,50.0,POINT (38583.88397569567 7132.721227811537),38.58388397569567,7.132721227811537
34,2019-10-14 07:44:06.288000+00:00,9.0,10.0,79.0,,9.0,,11.0,5.565,11.0,cresh15,3.0,1.2968546359095523,103.7703317974234,1.0,CAFE,,,,,,,POINT (38666.51469985425 8531.0672708365),38.66651469985425,8.5310672708365
35,2019-10-11 04:03:13.714000+00:00,9.0,10.0,59.0,,9.0,,10.0,2.6,10.0,cresh01,3.0,1.296782139920958,103.77042443754529,2.0,ENERGY_LAB_1,512.0,65.861,46.0,46.0,26.4581,140.0,POINT (53928.52128448616 5507.310871536103),53.92852128448616,5.507310871536103
36,2019-10-23 08:18:52.900000+00:00,9.0,10.0,96.0,,9.0,,10.0,4.128,10.0,cresh25,3.0,1.2968594706417509,103.77033423193205,1.0,CAFE,-99.0,73.9014,82.0,65.0,28.2774,-99.0,POINT (38726.74016587638 9032.771453514859),38.72674016587638,9.032771453514858
37,2019-10-16 04:36:46.095000+00:00,9.0,10.0,110.0,,10.0,,10.0,5.768,10.0,cresh04,3.0,1.2969336215554994,103.77035255369402,0.0,OPEN_EXHIBITION_SPACE_2,518.0,82.1682,152.0,64.0,29.4948,50.0,POINT (37270.11995881535 16064.96486007319),37.27011995881535,16.06496486007319
38,2019-11-05 05:51:33.252000+00:00,10.0,10.0,83.0,,10.0,,10.0,18.187,10.0,cresh35,3.0,1.2968054099372437,103.77045725268827,2.0,ENERGY_LAB_1,622.0,66.2515,44.0,49.0,26.5318,147.0,POINT (56859.17813097745 8657.067637515151),56.859178130977455,8.657067637515151
39,2019-10-08 03:52:21.134000+00:00,9.0,9.0,100.0,1.2968133333,11.0,103.7708616667,11.0,7.657999999999999,11.0,cresh11,3.0,1.2969758016282995,103.7702840396183,0.0,OPEN_EXHIBITION_SPACE_2,614.0,83.7278,195.0,68.0,27.6111,50.0,POINT (26561.09940167758 17315.15065200088),26.56109940167758,17.31515065200088
40,2019-10-25 07:03:47.506000+00:00,9.0,9.0,95.0,,9.0,,10.0,4.877,11.0,cresh25,3.0,1.296819363579692,103.77030200448415,-1.0,OPEN_EXHIBITION_SPACE_2,400.0,64.0945,148.0,66.0,33.0769,50.0,POINT (36721.12623607962 4451.66261073963),36.72112623607962,4.451662610739629
41,2019-10-25 07:19:48.152000+00:00,9.0,,112.0,,10.0,,10.0,87.265,11.0,cresh25,3.0,1.2968471415951106,103.77039467300287,0.0,,,,,,,,POINT (46915.64133440875 10075.33220427387),46.91564133440875,10.075332204273868
42,2019-10-08 03:47:59.108000+00:00,9.0,10.0,64.0,,9.0,,10.0,5.2570000000000014,10.0,cresh01,3.0,1.2969234703424461,103.7703110673481,0.0,OPEN_EXHIBITION_SPACE_2,620.0,83.3872,203.0,65.0,27.2426,50.0,POINT (32590.64752321078 13744.32660042704),32.590647523210784,13.74432660042704
43,2019-10-21 05:36:58.704000+00:00,9.0,10.0,62.0,,10.0,,10.0,1.889,10.0,cresh26,3.0,1.2969345926261506,103.7702951310363,0.0,OPEN_EXHIBITION_SPACE_2,534.0,97.249,164.0,68.0,26.6329,50.0,POINT (30033.42732894948 14148.18415987834),30.033427328949482,14.148184159878339
44,2019-10-16 08:55:45.639000+00:00,9.0,10.0,87.0,,10.0,,10.0,2.084,11.0,cresh09,3.0,1.2969042296735374,103.77034806096776,1.0,CAFE,-99.0,74.0703,71.0,63.0,28.7175,-99.0,POINT (38194.16924437335 13374.0393140334),38.19416924437335,13.3740393140334
45,2019-10-17 05:07:53.601000+00:00,9.0,9.0,93.0,,9.0,,10.0,4.833,11.0,cresh09,3.0,1.2969562306954705,103.77038400277796,0.0,OPEN_EXHIBITION_SPACE_2,562.0,79.4369,191.0,68.0,29.3179,50.0,POINT (40063.20920344682 19110.1441884093),40.063209203446824,19.1101441884093
46,2019-10-29 10:29:20.423000+00:00,9.0,10.0,66.0,,10.0,,10.0,3.685,10.0,cresh35,3.0,1.2967907600523083,103.77044128503798,2.0,ENERGY_LAB_1,512.0,63.923,18.0,46.0,26.7393,133.0,POINT (55601.38258248482 6837.548317915358),55.60138258248482,6.837548317915358
47,2019-10-16 08:55:29.816000+00:00,9.0,10.0,82.0,,10.0,,10.0,3.31,10.0,cresh11,3.0,1.2969834385281862,103.77023844546648,0.0,OPEN_EXHIBITION_SPACE_2,512.0,82.3166,119.0,66.0,29.2726,50.0,POINT (20467.87514571138 16385.23810713807),20.46787514571138,16.38523810713807
48,2019-10-21 05:32:34.862000+00:00,9.0,10.0,81.0,,9.0,,10.0,7.688,10.0,cresh19,3.0,1.2969415347544893,103.7703823180056,0.0,OPEN_EXHIBITION_SPACE_2,532.0,95.8037,123.0,67.0,26.9867,50.0,POINT (40595.52806252365 17784.24634679323),40.59552806252365,17.78424634679323
49,2019-10-21 05:32:18.244000+00:00,9.0,10.0,107.0,,9.0,,10.0,8.033999999999999,10.0,cresh16,3.0,1.2968590113935954,103.77036603187284,1.0,CAFE,-99.0,81.4421,74.0,65.0,28.3973,-99.0,POINT (42730.3580889177 10101.03083476684),42.730358088917704,10.10103083476684
50,2019-10-21 05:24:29.793000+00:00,9.0,9.0,101.0,,10.0,,10.0,11.966,11.0,cresh16,3.0,1.2968409240816188,103.77041320549877,2.0,ENERGY_LAB_1,460.0,65.5143,31.0,47.0,26.3234,133.0,POINT (49549.78192629851 10184.85058821469),49.54978192629851,10.184850588214688
51,2019-10-08 03:32:39.733000+00:00,9.0,10.0,106.0,1.2966116667,10.0,103.7702683333,11.0,10.212,11.0,cresh11,3.0,1.2969189256145184,103.77039860413835,0.0,OPEN_EXHIBITION_SPACE_2,594.0,86.1537,176.0,63.0,26.7224,50.0,POINT (43777.44731519296 16402.08622086651),43.777447315192966,16.402086220866508
52,2019-10-08 03:32:29.268000+00:00,9.0,,69.0,,9.0,,10.0,992.5980000000001,10.0,cresh01,3.0,1.2969228822140133,103.77029134029851,0.0,OPEN_EXHIBITION_SPACE_2,594.0,86.1537,176.0,63.0,26.7224,50.0,POINT (30151.15903610843 13006.35429940328),30.15115903610843,13.006354299403279
53,2019-10-11 03:17:50.334000+00:00,9.0,,70.0,,9.0,,10.0,393.241,10.0,cresh01,3.0,1.2967873697680248,103.77042728146463,2.0,ENERGY_LAB_1,540.0,66.6469,38.0,49.0,26.2644,140.0,POINT (54020.01090892431 6057.348277197907),54.02001090892431,6.057348277197907
54,2019-10-21 05:16:21.865000+00:00,9.0,10.0,97.0,,10.0,,10.0,7.4129999999999985,10.0,cresh16,3.0,1.296872576877578,103.77035255369402,1.0,CAFE,-99.0,76.7963,75.0,69.0,28.5287,-99.0,POINT (40357.26470252941 10801.19836090526),40.35726470252941,10.80119836090526
55,2019-10-21 05:16:21.141000+00:00,9.0,,69.0,,9.0,,11.0,388.483,11.0,cresh18,3.0,1.2969381433834937,103.77041320549877,0.0,OPEN_EXHIBITION_SPACE_2,570.0,95.2356,113.0,66.0,26.9867,50.0,POINT (44633.21807519875 18567.88612392587),44.63321807519875,18.56788612392587
56,2019-10-21 05:16:01.107000+00:00,10.0,9.0,94.0,,10.0,,10.0,3.3510000000000004,11.0,cresh21,3.0,1.296897446931546,103.77039523459364,1.0,CAFE,-99.0,76.7963,75.0,69.0,28.5287,-99.0,POINT (44441.89960359299 14432.63063940033),44.44189960359299,14.43263063940033
57,2019-10-21 05:32:26.631000+00:00,9.0,10.0,85.0,,9.0,,11.0,4.695,11.0,cresh18,3.0,1.296915887511335,103.77041404788494,0.0,OPEN_EXHIBITION_SPACE_2,532.0,95.8037,123.0,67.0,26.9867,50.0,POINT (45864.18092210333 16678.15198528545),45.86418092210333,16.67815198528545
58,2019-10-09 03:50:18.253000+00:00,10.0,10.0,75.0,,9.0,,10.0,8.027999999999999,10.0,cresh07,3.0,1.2969641085676789,103.77039000477949,-1.0,OPEN_EXHIBITION_SPACE_2,528.0,72.6836,178.0,65.0,29.259,50.0,POINT (40416.07976877741 19998.53833810918),40.41607976877741,19.99853833810918
59,2019-10-25 06:48:13.301000+00:00,9.0,9.0,96.0,,9.0,,10.0,4.8919999999999995,11.0,cresh25,3.0,1.2968499677376069,103.77029190188931,0.0,OPEN_EXHIBITION_SPACE_2,404.0,63.6213,104.0,62.0,32.9116,50.0,POINT (33908.87614340201 6738.642579761548),33.90887614340201,6.738642579761549
60,2019-10-11 07:32:00.283000+00:00,9.0,10.0,68.0,,10.0,,11.0,9.828,10.0,cresh12,3.0,1.296967535265456,103.77037726368854,-1.0,OPEN_EXHIBITION_SPACE_2,462.0,74.8759,278.0,67.0,30.6257,50.0,POINT (38647.98512094149 19850.13658079647),38.64798512094149,19.85013658079647
61,2019-10-21 07:29:48.476000+00:00,9.0,10.0,81.0,,9.0,,10.0,4.595,10.0,cresh10,3.0,1.2969053002923503,103.7703422075818,1.0,CAFE,-99.0,76.8951,100.0,62.0,28.4109,-99.0,POINT (37407.35875860765 13262.43405993803),37.40735875860765,13.26243405993803
62,2019-10-08 11:16:08.008000+00:00,9.0,10.0,108.0,,9.0,,10.0,5.994,10.0,cresh05,3.0,1.296940833053011,103.77035860161357,0.0,OPEN_EXHIBITION_SPACE_2,610.0,85.2011,101.0,67.0,27.7743,50.0,POINT (37662.43790168212 16897.49849755436),37.66243790168212,16.89749849755436
63,2019-10-16 07:55:19.505000+00:00,9.0,10.0,87.0,,10.0,,10.0,2.169,10.0,cresh09,3.0,1.2968612723075927,103.77035030733087,1.0,CAFE,-99.0,70.7055,99.0,65.0,28.7175,-99.0,POINT (40647.78130131408 9748.167059333626),40.647781301314076,9.748167059333626
64,2019-10-23 05:53:26.136000+00:00,9.0,10.0,89.0,,10.0,,11.0,3.587,9.0,cresh26,3.0,1.2969132733295257,103.77047835002978,-1.0,OUTSIDE_RESTROOM,506.0,79.9515,51.0,65.0,29.1631,50.0,POINT (54045.07295552451 18692.92074943796),54.04507295552451,18.69292074943796
65,2019-09-30 05:02:37.388000+00:00,9.0,10.0,73.0,,10.0,,10.0,4.215,10.0,cresh35,3.0,1.2968929251035517,103.77034356824149,1.0,CAFE,,,,,,,POINT (38203.50897447656 12242.74828574142),38.203508974476556,12.24274828574142
66,2019-10-16 08:15:22.250000+00:00,9.0,10.0,82.0,,10.0,,10.0,4.053999999999999,11.0,cresh09,3.0,1.2968636833604097,103.77035284326428,1.0,CAFE,-99.0,70.2262,84.0,67.0,28.971,-99.0,POINT (40843.27213191839 10044.41545482753),40.84327213191839,10.04441545482753
67,2019-09-30 04:53:00.125000+00:00,9.0,9.0,78.0,,10.0,,10.0,4.251,9.0,cresh35,3.0,1.2968544895656011,103.7703357059705,1.0,CAFE,,,,,,,POINT (39163.14772849725 8654.615889043129),39.16314772849725,8.654615889043129
68,2019-10-29 11:26:31.308000+00:00,9.0,10.0,95.0,,9.0,,10.0,3.859,10.0,cresh24,3.0,1.296869762257145,103.77034411276723,1.0,CAFE,-99.0,62.4071,173.0,61.0,27.7788,-99.0,POINT (39443.05608757386 10264.43049780178),39.44305608757386,10.264430497801781
69,2019-10-29 11:01:20.868000+00:00,9.0,10.0,84.0,1.2965916667,10.0,103.7705416667,11.0,4.603,10.0,cresh35,3.0,1.2968092712856594,103.77031548870224,-1.0,OPEN_EXHIBITION_SPACE_2,506.0,71.7371,28.0,64.0,30.7889,50.0,POINT (38919.32977660377 4051.192048279599),38.919329776603774,4.051192048279599
70,2019-10-25 04:43:47.994000+00:00,9.0,9.0,79.0,,10.0,,10.0,4.008,11.0,cresh35,3.0,1.2967934448876797,103.77042893004072,2.0,ENERGY_LAB_1,514.0,66.0544,53.0,46.0,26.3539,133.0,POINT (53919.13259635268 6638.628067478548),53.91913259635268,6.638628067478548
71,2019-10-16 08:26:21.101000+00:00,9.0,10.0,105.0,,10.0,,10.0,4.928999999999999,10.0,cresh11,3.0,1.2968879801821551,103.77034579842598,1.0,CAFE,-99.0,70.1774,71.0,62.0,28.7645,-99.0,POINT (38732.73478822429 11894.0532054314),38.73273478822429,11.894053205431401
72,2019-10-16 08:35:31.861000+00:00,9.0,10.0,86.0,,10.0,,10.0,4.93,11.0,cresh09,3.0,1.2968969442750933,103.77035947634221,1.0,CAFE,-99.0,68.5872,70.0,65.0,28.5726,-99.0,POINT (39991.46598257827 13143.52679117067),39.991465982578276,13.14352679117067
73,2019-10-16 08:36:17.704000+00:00,9.0,9.0,82.0,,11.0,,10.0,6.3210000000000015,11.0,cresh11,3.0,1.2968477068236102,103.77028291643671,0.0,OPEN_EXHIBITION_SPACE_2,488.0,75.4964,113.0,67.0,29.4222,50.0,POINT (32898.50735210507 6230.64935531361),32.89850735210507,6.230649355313609
74,2019-10-25 05:34:39.338000+00:00,9.0,9.0,78.0,,10.0,,10.0,4.2669999999999995,11.0,cresh35,3.0,1.2967821403176942,103.77042443731443,2.0,ENERGY_LAB_1,520.0,65.0033,56.0,47.0,26.6077,144.0,POINT (53928.4723246659 5507.337038710637),53.9284723246659,5.507337038710637
75,2019-10-11 03:32:59.140000+00:00,9.0,10.0,64.0,,10.0,,10.0,3.1430000000000002,10.0,cresh01,3.0,1.2967873697680248,103.77042728146463,2.0,ENERGY_LAB_1,530.0,66.535,34.0,49.0,26.2812,140.0,POINT (54020.01090892431 6057.348277197907),54.02001090892431,6.057348277197907
76,2019-10-25 05:58:58.229000+00:00,9.0,10.0,103.0,,10.0,,10.0,3.022,10.0,cresh25,3.0,1.2968349891823765,103.77045729037536,2.0,ENERGY_LAB_1,516.0,65.1542,68.0,54.0,26.6666,144.0,POINT (55368.01708248908 11208.94265795097),55.36801708248908,11.20894265795097
77,2019-10-16 08:46:13.808000+00:00,9.0,9.0,74.0,,11.0,,10.0,7.945,11.0,cresh11,3.0,1.296814923570652,103.77032784369949,-1.0,OPEN_EXHIBITION_SPACE_2,486.0,80.1243,103.0,68.0,29.3042,50.0,POINT (40179.9558278404 4969.006334465554),40.1799558278404,4.969006334465553
78,2019-10-09 08:03:11.865000+00:00,9.0,10.0,77.0,,10.0,,11.0,7.871,11.0,cresh15,3.0,1.2968576065444388,103.7703312137526,1.0,CAFE,,,,,,,POINT (38443.22610999554 8766.885303971616),38.44322610999554,8.766885303971616
79,2019-10-29 10:33:41.155000+00:00,9.0,10.0,102.0,,9.0,,10.0,4.48,11.0,cresh24,3.0,1.2968717330366908,103.77033189576349,1.0,CAFE,-99.0,64.3625,67.0,68.0,29.3225,-99.0,POINT (37814.18987703859 10008.74604623742),37.81418987703859,10.00874604623742
80,2019-10-11 03:48:04.845000+00:00,9.0,10.0,63.0,,9.0,,10.0,2.875,10.0,cresh01,3.0,1.2967873697680248,103.77042728146463,2.0,ENERGY_LAB_1,542.0,66.1396,41.0,48.0,26.3686,140.0,POINT (54020.01090892431 6057.348277197907),54.02001090892431,6.057348277197907
81,2019-10-08 11:27:12.750000+00:00,9.0,10.0,70.0,,10.0,,11.0,9.376,11.0,cresh13,3.0,1.296884247221194,103.77012687645436,-1.0,OPEN_EXHIBITION_SPACE_2,610.0,87.8472,104.0,64.0,27.4479,50.0,POINT (11519.09381741476 3945.272976823762),11.51909381741476,3.945272976823762
82,2019-10-30 02:51:45.446000+00:00,10.0,10.0,96.0,,11.0,,10.0,4.1110000000000015,10.0,cresh27,3.0,1.2968750497522632,103.77035023716644,1.0,CAFE,-99.0,73.1045,171.0,69.0,28.1022,-99.0,POINT (39942.24741401673 10933.72549761787),39.942247414016734,10.93372549761787
83,2019-09-30 09:00:21.186000+00:00,10.0,9.0,70.0,,10.0,,10.0,2.593,11.0,cresh39,3.0,1.2968070103716622,103.77041994458817,2.0,ENERGY_LAB_1,572.0,68.8295,32.0,47.0,26.0454,133.0,POINT (52108.39294915096 7495.315047476142),52.10839294915096,7.495315047476143
84,2019-10-09 05:20:51.802000+00:00,9.0,,77.0,,10.0,,10.0,293.283,10.0,cresh01,3.0,1.2968600005264823,103.77033333675936,1.0,CAFE,-99.0,71.7831,98.0,68.0,28.1606,-99.0,POINT (38587.89428869384 9047.27601027661),38.58789428869384,9.04727601027661
85,2019-11-08 05:17:45.096000+00:00,11.0,,89.0,,10.0,,10.0,870.372,10.0,cresh30,3.0,1.2969231648282629,103.77044746253661,-1.0,OUTSIDE_RESTROOM,514.0,74.8613,46.0,62.0,28.0017,50.0,POINT (49678.65919699199 18469.77462730753),49.67865919699199,18.469774627307533
86,2019-11-12 05:42:58.384000+00:00,9.0,,118.0,,10.0,,10.0,2411.047,10.0,cresh20,3.0,1.296895186017549,103.77040871277248,0.0,,,,,,,,POINT (46243.29952247025 14707.2346881898),46.24329952247025,14.7072346881898
87,2019-10-09 04:44:26.543000+00:00,10.0,10.0,79.0,,9.0,,10.0,5.6110000000000015,10.0,cresh07,3.0,1.2969070569157504,103.77038298482617,1.0,CAFE,-99.0,68.5574,98.0,68.0,28.5559,-99.0,POINT (42422.60334527747 14834.51884330994),42.42260334527747,14.834518843309938
88,2019-10-23 03:54:38.750000+00:00,10.0,,88.0,,10.0,,10.0,3215.025,,cresh26,3.0,1.2969019687595402,103.77013690283277,0.0,OPEN_EXHIBITION_SPACE_2,446.0,79.718,202.0,67.0,28.6061,50.0,POINT (11877.88211321622 5822.670644595626),11.87788211321622,5.822670644595626
89,2019-10-01 02:18:35.516000+00:00,9.0,10.0,79.0,,10.0,,10.0,2.6839999999999997,11.0,cresh36,3.0,1.2968830779422535,103.77047124952385,3.0,BEEHUB_NEXUS,,,,,,,POINT (54683.34171131341 15841.85956298367),54.68334171131341,15.84185956298367
90,2019-10-01 02:20:36.578000+00:00,9.0,9.0,82.0,,10.0,,10.0,3.15,11.0,cresh36,3.0,1.2968886791560703,103.77042283977623,-1.0,ENERGY_LAB_1,448.0,69.0254,51.0,50.0,25.9548,137.0,POINT (48340.63832805838 14638.32278964528),48.34063832805838,14.638322789645281
91,2019-10-09 05:31:13.484000+00:00,9.0,10.0,61.0,,9.0,,10.0,3.252,10.0,cresh01,3.0,1.2968600005264823,103.77033333675936,1.0,CAFE,-99.0,72.0376,90.0,70.0,28.0573,-99.0,POINT (38587.89428869384 9047.27601027661),38.58789428869384,9.04727601027661
92,2019-10-23 13:58:58.948000+00:00,9.0,10.0,79.0,,9.0,,10.0,4.227,11.0,cresh24,3.0,1.2969880773988836,103.77032292978014,-1.0,OPEN_EXHIBITION_SPACE_2,518.0,92.042,13.0,62.0,27.090999999999998,50.0,POINT (30808.16505123621 19728.53853362194),30.80816505123621,19.72853853362194
93,2019-10-01 03:16:17.264000+00:00,9.0,,67.0,,10.0,,10.0,7.064,11.0,cresh36,3.0,1.296852793880103,103.77044746253662,2.0,ENERGY_LAB_1,514.0,68.293,58.0,49.0,26.3402,144.0,POINT (53237.45105612341 12401.8215801241),53.23745105612341,12.4018215801241
94,2019-10-09 03:18:36.114000+00:00,10.0,,76.0,,9.0,,11.0,13.232000000000001,10.0,cresh07,3.0,1.2969020323710332,103.77037551380316,1.0,CAFE,-99.0,71.65100000000002,83.0,64.0,27.5869,-99.0,POINT (41741.55746034386 14140.98332005766),41.741557460343856,14.140983320057659
95,2019-10-30 04:07:54.479000+00:00,10.0,,89.0,,9.0,,10.0,4052.5490000000004,,cresh29,3.0,1.29687738090399,103.7701503810116,-1.0,OPEN_EXHIBITION_SPACE_2,506.0,77.9576,211.0,64.0,30.2687,50.0,POINT (14808.39766506887 4172.064977988432),14.808397665068869,4.172064977988431
96,2019-10-07 06:44:17.997000+00:00,9.0,10.0,85.0,,9.0,,11.0,17.779,10.0,cresh13,3.0,1.2969576437667183,103.770396919366,0.0,OPEN_EXHIBITION_SPACE_2,610.0,96.3414,41.0,65.0,24.5407,50.0,POINT (41608.51452352559 19681.9840660128),41.60851452352559,19.6819840660128
97,2019-10-24 02:42:21.145000+00:00,10.0,10.0,91.0,,10.0,,10.0,4.478,10.0,cresh18,3.0,1.2968840422848769,103.77036554544078,1.0,CAFE,-99.0,81.6359,90.0,65.0,27.5869,-99.0,POINT (41403.61199241404 12242.45047209565),41.403611992414035,12.24245047209565
98,2019-10-16 05:54:54.766000+00:00,9.0,10.0,88.0,,9.0,,10.0,5.671,11.0,cresh09,3.0,1.2968884032755577,103.77036153914658,1.0,CAFE,-99.0,70.2095,89.0,67.0,28.7509,-99.0,POINT (40681.60132497535 12478.91747310743),40.681601324975354,12.478917473107431
99,2019-10-01 06:01:15.140000+00:00,10.0,9.0,92.0,,10.0,,10.0,2.378,11.0,cresh39,3.0,1.2969200560715168,103.77036378550972,1.0,CAFE,-99.0,77.4279,110.0,66.0,27.6318,-99.0,POINT (39362.03647649974 15286.53760725273),39.362036476499746,15.28653760725273
100,2019-10-07 06:21:19.809000+00:00,9.0,10.0,87.0,,9.0,,11.0,24.346999999999998,11.0,cresh15,3.0,1.2969221756783893,103.77028572439067,0.0,OPEN_EXHIBITION_SPACE_2,590.0,97.6505,30.0,69.0,24.526999999999997,50.0,POINT (29483.94770272801 12749.78175834526),29.483947702728013,12.749781758345259
101,2019-10-01 07:09:19.663000+00:00,10.0,10.0,72.0,,10.0,,,9.08,10.0,cresh37,3.0,1.2968628266859654,103.77046041422408,2.0,ENERGY_LAB_1,512.0,68.8684,63.0,48.0,25.7306,140.0,POINT (54351.23349239568 13718.14759093835),54.35123349239568,13.718147590938349
102,2019-10-09 05:34:31.918000+00:00,10.0,,91.0,,10.0,,10.0,968.8919999999999,10.0,cresh07,3.0,1.2968261064288369,103.77040464919148,2.0,ENERGY_LAB_1,480.0,68.282,53.0,47.0,25.9864,130.0,POINT (49228.1471894141 8609.06439663834),49.2281471894141,8.60906439663834
103,2019-10-22 07:23:58.104000+00:00,9.0,10.0,79.0,,10.0,,10.0,4.417,10.0,cresh27,3.0,1.2968341413396274,103.77033009006264,0.0,OPEN_EXHIBITION_SPACE_2,502.0,88.8546,198.0,65.0,26.4981,50.0,POINT (39489.25379930214 6704.377737803166),39.48925379930214,6.704377737803166
104,2019-10-09 05:01:07.680000+00:00,10.0,10.0,83.0,,9.0,,10.0,5.337999999999999,10.0,cresh07,3.0,1.2969562306954705,103.77041095913565,-1.0,OPEN_EXHIBITION_SPACE_2,504.0,85.6987,145.0,66.0,27.9996,50.0,POINT (43437.33165101761 20049.26091502995),43.43733165101761,20.04926091502995
105,2019-10-23 13:20:46.108000+00:00,9.0,10.0,84.0,,9.0,,10.0,4.953,11.0,cresh24,3.0,1.2969729045203668,103.77031211915752,0.0,OPEN_EXHIBITION_SPACE_2,510.0,91.7318,13.0,63.0,27.1215,50.0,POINT (30222.32250583241 18043.5851333578),30.22232250583241,18.043585133357798
106,2019-10-22 11:32:29.916000+00:00,9.0,10.0,80.0,,10.0,,11.0,8.911,10.0,cresh24,3.0,1.296884305368938,103.77028305683443,0.0,OPEN_EXHIBITION_SPACE_2,518.0,94.3815,103.0,64.0,25.2525,50.0,POINT (31065.22329473837 9391.363559043501),31.06522329473837,9.391363559043501
107,2019-10-22 12:03:12.900000+00:00,9.0,10.0,92.0,1.2966583333,9.0,103.7700216667,10.0,8.774000000000001,9.0,cresh24,3.0,1.296884305368938,103.77028305683443,0.0,OPEN_EXHIBITION_SPACE_2,520.0,95.1297,99.0,68.0,25.1936,50.0,POINT (31065.22329473837 9391.363559043501),31.06522329473837,9.391363559043501
108,2019-10-22 12:18:34.305000+00:00,9.0,10.0,89.0,,9.0,,11.0,5.357,10.0,cresh24,3.0,1.2969015448381658,103.77026733229246,0.0,OPEN_EXHIBITION_SPACE_2,552.0,96.4655,101.0,67.0,25.0609,50.0,POINT (28225.1526580012 10330.07211902271),28.2251526580012,10.330072119022711
109,2019-10-22 12:33:53.716000+00:00,9.0,10.0,88.0,,9.0,,11.0,6.7970000000000015,9.0,cresh24,3.0,1.2969015448381658,103.77026733229246,0.0,OPEN_EXHIBITION_SPACE_2,538.0,95.7027,102.0,69.0,25.2209,50.0,POINT (28225.1526580012 10330.07211902271),28.2251526580012,10.330072119022711
110,2019-10-22 11:16:57.450000+00:00,9.0,10.0,78.0,,9.0,,11.0,8.22,10.0,cresh24,3.0,1.2968986038316517,103.77027696708436,0.0,OPEN_EXHIBITION_SPACE_2,554.0,94.7234,103.0,65.0,24.7661,50.0,POINT (29579.87008690005 10412.13558069352),29.57987008690005,10.412135580693521
111,2019-10-22 11:01:11.568000+00:00,9.0,10.0,82.0,,10.0,,11.0,8.854,10.0,cresh24,3.0,1.2968986038316517,103.77027696708436,0.0,OPEN_EXHIBITION_SPACE_2,530.0,96.0762,83.0,64.0,24.825,50.0,POINT (29579.87008690005 10412.13558069352),29.57987008690005,10.412135580693521
112,2019-10-22 12:49:18.003000+00:00,9.0,10.0,80.0,,9.0,,11.0,6.268,10.0,cresh24,3.0,1.2968892157915253,103.77029427110044,0.0,OPEN_EXHIBITION_SPACE_2,542.0,96.9339,101.0,68.0,25.2209,50.0,POINT (32220.58160527623 10205.46719430001),32.22058160527623,10.20546719430001
113,2019-10-22 13:06:16.647000+00:00,9.0,10.0,97.0,,9.0,,11.0,4.831,10.0,cresh24,3.0,1.2969225686303538,103.77024204315744,0.0,OPEN_EXHIBITION_SPACE_2,552.0,98.6079,13.0,66.0,25.1346,50.0,POINT (23996.50326153038 11261.88040698953),23.99650326153038,11.26188040698953
114,2019-10-22 09:42:02.154000+00:00,9.0,10.0,90.0,,9.0,,10.0,12.499,9.0,cresh24,3.0,1.2968421956378262,103.77031548870224,0.0,OPEN_EXHIBITION_SPACE_2,512.0,96.7113,23.0,67.0,24.5692,50.0,POINT (37254.28305684155 6890.196329138034),37.25428305684155,6.890196329138035
115,2019-10-22 10:44:15.648000+00:00,9.0,10.0,80.0,,9.0,,11.0,5.63,9.0,cresh24,3.0,1.2968986038316517,103.77027696708436,0.0,OPEN_EXHIBITION_SPACE_2,500.0,97.6018,14.0,67.0,24.3186,50.0,POINT (29579.87008690005 10412.13558069352),29.57987008690005,10.412135580693521
116,2019-10-22 14:13:52.823000+00:00,9.0,10.0,89.0,,9.0,,11.0,4.316,10.0,cresh24,3.0,1.2969200560715168,103.77041095913565,0.0,OPEN_EXHIBITION_SPACE_2,578.0,98.5885,12.0,65.0,24.8977,50.0,POINT (45266.75075841454 16929.99187846754),45.266750758414545,16.92999187846754
117,2019-10-22 14:30:31.793000+00:00,9.0,10.0,113.0,,9.0,,11.0,31.363000000000003,10.0,cresh24,3.0,1.2969795106674364,103.77033596921616,0.0,OPEN_EXHIBITION_SPACE_2,594.0,98.6822,12.0,61.0,24.8387,50.0,POINT (32873.54471776274 19444.11883083438),32.87354471776274,19.44411883083438
118,2019-10-22 10:12:45.476000+00:00,9.0,10.0,83.0,,9.0,,11.0,6.227,9.0,cresh24,3.0,1.296922751946504,103.77030207866564,0.0,OPEN_EXHIBITION_SPACE_2,472.0,97.249,17.0,66.0,24.526999999999997,50.0,POINT (31501.86639414919 13369.22925059962),31.50186639414919,13.36922925059962
119,2019-10-16 05:34:56.812000+00:00,9.0,,96.0,,9.0,,10.0,1125.739,11.0,cresh09,3.0,1.2968943646698858,103.770389241367,1.0,CAFE,-99.0,72.8559,83.0,68.0,28.7645,-99.0,POINT (43847.60430002524 13958.05857154779),43.84760430002524,13.95805857154779
120,2019-10-09 05:16:53.175000+00:00,10.0,10.0,90.0,,9.0,,10.0,4.085,10.0,cresh07,3.0,1.296883046264788,103.7704086992213,-1.0,,,,,,,,POINT (46855.53356723452 13659.97479030079),46.85553356723452,13.65997479030079
121,2019-10-09 05:15:42.436000+00:00,9.0,10.0,87.0,,9.0,,10.0,5.934,10.0,cresh01,3.0,1.2968788240956233,103.77034343829071,1.0,CAFE,-99.0,73.2948,99.0,64.0,28.2054,-99.0,POINT (38900.3576824444 11022.31790662467),38.9003576824444,11.02231790662467
122,2019-10-22 09:57:29.095000+00:00,9.0,10.0,81.0,1.2964316667,9.0,103.7699,10.0,6.795,9.0,cresh24,3.0,1.2968906641895548,103.77027842371048,0.0,OPEN_EXHIBITION_SPACE_2,508.0,96.8317,24.0,65.0,24.3638,50.0,POINT (30163.71842468167 9778.261882836248),30.16371842468167,9.778261882836249
123,2019-10-11 05:04:24.750000+00:00,9.0,10.0,59.0,,10.0,,10.0,2.068,10.0,cresh01,3.0,1.2967878102086337,103.77042936769728,2.0,ENERGY_LAB_1,522.0,65.5216,50.0,46.0,26.5003,137.0,POINT (54258.87035797275 6168.007667645019),54.258870357972754,6.168007667645019
124,2019-10-22 13:37:43.413000+00:00,9.0,10.0,81.0,,9.0,,11.0,11.023,10.0,cresh24,3.0,1.2968567504795985,103.77026045280536,0.0,OPEN_EXHIBITION_SPACE_2,552.0,98.3744,12.0,63.0,25.0019,50.0,POINT (29629.38387221353 6227.869343168421),29.62938387221353,6.227869343168422
125,2019-10-01 07:16:15.620000+00:00,9.0,,70.0,,10.0,,10.0,5.1160000000000005,11.0,cresh36,3.0,1.2968540899220904,103.77045331108843,2.0,ENERGY_LAB_1,502.0,69.0229,56.0,46.0,25.5252,133.0,POINT (53903.9699441765 12717.3310811694),53.903969944176495,12.7173310811694
126,2019-10-22 07:09:53.023000+00:00,9.0,,70.0,,10.0,,10.0,6.928999999999999,10.0,cresh27,3.0,1.296897446931546,103.77033009006264,1.0,CAFE,-99.0,76.0078,98.0,66.0,27.2187,-99.0,POINT (36287.77036137436 12163.09855175864),36.287770361374356,12.16309855175864
127,2019-10-22 07:07:40.028000+00:00,9.0,10.0,79.0,1.2968383333,10.0,103.7703866667,10.0,5.876,10.0,cresh27,3.0,1.296804749457665,103.77032054301931,-1.0,OPEN_EXHIBITION_SPACE_2,496.0,90.6405,182.0,64.0,26.1749,50.0,POINT (39780.65512495128 3837.367805224367),39.78065512495128,3.837367805224367
128,2019-10-16 05:12:32.645000+00:00,9.0,9.0,95.0,,9.0,,10.0,5.912000000000001,11.0,cresh09,3.0,1.2969290997275054,103.77038849550422,0.0,OPEN_EXHIBITION_SPACE_2,510.0,80.4394,88.0,65.0,29.259,50.0,POINT (41997.62727317549 16927.21186485625),41.99762727317549,16.92721186485625
129,2019-10-07 06:02:10.721000+00:00,9.0,10.0,75.0,,9.0,,11.0,14.985999999999999,11.0,cresh15,3.0,1.2968946207890495,103.77027365018878,0.0,OPEN_EXHIBITION_SPACE_2,594.0,93.1674,25.0,68.0,25.6232,50.0,POINT (29366.12485671084 9953.130012510834),29.36612485671084,9.953130012510833
130,2019-10-30 03:21:41.841000+00:00,10.0,10.0,107.0,,11.0,,10.0,6.376,10.0,cresh27,3.0,1.2969621651788807,103.77020878645321,0.0,OPEN_EXHIBITION_SPACE_2,558.0,78.8323,200.0,65.0,29.6159,50.0,POINT (17831.29526468828 13517.60468898309),17.83129526468828,13.51760468898309
131,2019-10-07 05:53:20.127000+00:00,11.0,10.0,94.0,,9.0,,11.0,7.7860000000000005,9.0,cresh14,3.0,1.2969213302434146,103.77025744355421,0.0,OPEN_EXHIBITION_SPACE_2,540.0,85.0345,45.0,66.0,27.3889,50.0,POINT (25986.79572782305 11691.62204219879),25.98679572782305,11.691622042198789
132,2019-10-16 06:35:26.596000+00:00,9.0,10.0,86.0,,10.0,,10.0,19.204,11.0,cresh09,3.0,1.2968714464205795,103.77034581460458,1.0,CAFE,-99.0,68.9297,107.0,69.0,28.6727,-99.0,POINT (39570.90343462511 10468.94202099951),39.57090343462511,10.46894202099951
133,2019-10-02 04:56:00.775000+00:00,9.0,,71.0,,10.0,,10.0,5965.709,10.0,cresh39,3.0,1.2968287716688844,103.7704404426518,2.0,ENERGY_LAB_1,474.0,66.6506,75.0,46.0,26.3992,133.0,POINT (53573.62196028582 10085.87033771892),53.57362196028582,10.08587033771892
134,2019-10-02 05:08:08.292000+00:00,9.0,10.0,86.0,,10.0,,10.0,2.023,10.0,cresh39,3.0,1.2968877556121523,103.77046926731686,3.0,BEEHUB_NEXUS,,,,,,,POINT (54198.6706096142 16176.14919729996),54.1986706096142,16.17614919729996
135,2019-10-09 04:13:46.772000+00:00,10.0,10.0,75.0,,9.0,,11.0,7.537000000000001,10.0,cresh07,3.0,1.2969403069031396,103.77037434906558,0.0,OPEN_EXHIBITION_SPACE_2,520.0,69.9475,210.0,64.0,29.5232,50.0,POINT (39660.15203458874 17400.74583443298),39.66015203458874,17.40074583443298
136,2019-10-11 05:34:48.036000+00:00,9.0,10.0,62.0,,10.0,,10.0,5.347,11.0,cresh01,3.0,1.2967848076512865,103.77042724788164,2.0,ENERGY_LAB_1,520.0,65.2247,51.0,49.0,26.5929,144.0,POINT (54145.37841616359 5835.251844121975),54.145378416163595,5.835251844121975
137,2019-10-11 04:33:39.660000+00:00,9.0,10.0,59.0,,9.0,,10.0,2.535,10.0,cresh01,3.0,1.2967889208602517,103.77042998302343,2.0,ENERGY_LAB_1,506.0,65.7953,48.0,46.0,26.4581,140.0,POINT (54279.72287106208 6285.214031672243),54.27972287106208,6.285214031672243
138,2019-10-30 03:00:52.335000+00:00,10.0,,88.0,1.2966116667,10.0,103.7703433333,11.0,6739.366,11.0,cresh22,3.0,1.2968070103716622,103.77036153914658,0.0,OPEN_EXHIBITION_SPACE_2,520.0,73.0851,176.0,66.0,30.9795,50.0,POINT (44797.79431660158 5460.562140870761),44.79779431660158,5.460562140870761
139,2019-10-11 04:18:32.316000+00:00,9.0,10.0,60.0,,9.0,,10.0,2.8280000000000003,10.0,cresh01,3.0,1.2967889208602517,103.77042998302343,2.0,ENERGY_LAB_1,514.0,65.7722,46.0,46.0,26.4413,140.0,POINT (54279.72287106208 6285.214031672243),54.27972287106208,6.285214031672243
140,2019-10-08 12:48:49.627000+00:00,9.0,10.0,106.0,,10.0,,10.0,10.197000000000001,10.0,cresh08,3.0,1.296897446931546,103.77037277096228,1.0,CAFE,-99.0,71.092,16.0,59.0,29.9983,-99.0,POINT (41630.13090232384 13650.0333686192),41.63013090232384,13.650033368619201
141,2019-10-16 06:55:43.914000+00:00,9.0,10.0,86.0,,10.0,,10.0,13.117,11.0,cresh09,3.0,1.2968703159635808,103.7703576080111,1.0,CAFE,-99.0,70.3344,94.0,68.0,29.4111,-99.0,POINT (41104.25135666321 10782.32843263757),41.10425135666321,10.78232843263757
142,2019-10-21 05:14:52.240000+00:00,10.0,,115.0,,10.0,,10.0,4.678,10.0,cresh21,3.0,1.2969358824694963,103.77037052459913,0.0,OPEN_EXHIBITION_SPACE_2,574.0,97.5337,107.0,66.0,26.9593,50.0,POINT (39405.19622847422 16885.99699225863),39.40519622847422,16.885996992258633
143,2019-10-07 07:15:37.566000+00:00,9.0,,83.0,,9.0,,11.0,404.005,10.0,cresh13,3.0,1.2968774919107444,103.77042461457107,2.0,ENERGY_LAB_1,454.0,67.79899999999999,22.0,46.0,25.8201,127.0,POINT (49128.54922052271 13735.49893395101),49.128549220522714,13.73549893395101
144,2019-10-03 02:25:27.640000+00:00,9.0,10.0,81.0,,10.0,,10.0,3.841,10.0,cresh35,3.0,1.296843750224115,103.77045364003523,2.0,ENERGY_LAB_1,438.0,68.8295,45.0,46.0,25.9074,147.0,POINT (54468.04222367029 11837.21856988293),54.46804222367029,11.83721856988293
145,2019-10-16 07:03:50.046000+00:00,10.0,9.0,81.0,1.2966816667,9.0,103.7700916667,11.0,8.115,11.0,cresh22,3.0,1.2969901444054268,103.77022900372145,0.0,OPEN_EXHIBITION_SPACE_2,504.0,73.1557,175.0,66.0,30.2087,50.0,POINT (18946.92473052825 16634.5377359332),18.946924730528252,16.6345377359332
146,2019-10-08 23:44:13.967000+00:00,10.0,9.0,111.0,1.2970933333,10.0,103.7705683333,10.0,3.233,11.0,cresh06,3.0,1.2968861423615603,103.77046037912466,3.0,BEEHUB_NEXUS,,,,,,,POINT (53167.72232043769 15727.39115409447),53.16772232043769,15.72739115409447
147,2019-10-11 04:48:48.522000+00:00,9.0,10.0,64.0,,10.0,,10.0,4.38,10.0,cresh01,3.0,1.2967878102086337,103.77042936769728,2.0,ENERGY_LAB_1,512.0,65.4328,49.0,45.0,26.5455,140.0,POINT (54258.87035797275 6168.007667645019),54.258870357972754,6.168007667645019
148,2019-10-16 06:14:57.742000+00:00,9.0,10.0,93.0,,10.0,,10.0,3.1289999999999996,10.0,cresh09,3.0,1.2968613959513269,103.77034971064067,1.0,CAFE,-99.0,69.2021,93.0,68.0,28.4693,-99.0,POINT (40566.84079889578 9738.040883702577),40.566840798895775,9.738040883702578
149,2019-10-23 08:51:29.131000+00:00,9.0,10.0,90.0,,9.0,,10.0,4.149,10.0,cresh25,3.0,1.2969200560715168,103.77036378550972,1.0,CAFE,-99.0,78.4151,94.0,64.0,28.1324,-99.0,POINT (39362.03647649974 15286.53760725273),39.362036476499746,15.28653760725273
150,2019-10-01 07:18:22.515000+00:00,9.0,,72.0,,10.0,,10.0,641.715,10.0,cresh35,3.0,1.2968770987055722,103.770563711829,-1.0,OUTSIDE_RESTROOM,654.0,88.6064,53.0,66.0,28.3418,50.0,POINT (66559.21313769408 18547.52134463548),66.55921313769409,18.54752134463548
151,2019-10-01 08:02:32.418000+00:00,9.0,9.0,69.0,,10.0,,10.0,2.271,11.0,cresh36,3.0,1.2968793596195691,103.77046711821407,3.0,BEEHUB_NEXUS,,,,,,,POINT (54354.26901451561 15377.30739128238),54.35426901451561,15.37730739128238
152,2019-10-11 05:19:37.368000+00:00,9.0,,64.0,,10.0,,10.0,500.04900000000004,10.0,cresh01,3.0,1.2967877924010665,103.77042668565257,2.0,ENERGY_LAB_1,530.0,65.2186,51.0,47.0,26.5003,147.0,POINT (53924.05986586496 6073.033973227384),53.92405986586496,6.073033973227385
153,2019-10-30 04:02:10.479000+00:00,9.0,,91.0,,10.0,,10.0,3203.347,11.0,cresh28,3.0,1.2969652743514588,103.77024135871868,0.0,OPEN_EXHIBITION_SPACE_2,508.0,76.5767,206.0,68.0,30.3582,50.0,POINT (21751.12315006437 14920.46877154503),21.75112315006437,14.92046877154503
154,2019-10-23 09:13:53.918000+00:00,9.0,,86.0,,9.0,,10.0,101.2,10.0,cresh25,3.0,1.2969200560715168,103.77036378550972,1.0,CAFE,-99.0,78.0012,90.0,67.0,28.0573,-99.0,POINT (39362.03647649974 15286.53760725273),39.362036476499746,15.28653760725273
155,2019-10-09 03:08:53.120000+00:00,10.0,10.0,94.0,,10.0,,10.0,5.45,11.0,cresh05,3.0,1.2969632956358792,103.77022114145045,0.0,OPEN_EXHIBITION_SPACE_2,562.0,73.837,147.0,69.0,28.9294,50.0,POINT (19320.59870435233 14045.51034559396),19.32059870435233,14.04551034559396
156,2019-10-09 03:06:17.553000+00:00,10.0,10.0,78.0,,9.0,,10.0,7.772,10.0,cresh07,3.0,1.296892278180477,103.77038661768141,1.0,CAFE,-99.0,70.4165,77.0,65.0,27.6318,-99.0,POINT (43624.7157592786 13686.73951472231),43.6247157592786,13.68673951472231
157,2019-10-09 04:32:48.493000+00:00,10.0,10.0,68.0,,9.0,,10.0,5.356,10.0,cresh07,3.0,1.2969018293192118,103.77038060304415,1.0,CAFE,-99.0,69.4304,89.0,67.0,28.6894,-99.0,POINT (42388.8455547558 14300.77562789102),42.3888455547558,14.30077562789102
158,2019-10-23 09:06:33.132000+00:00,9.0,10.0,86.0,,9.0,,10.0,3.275,10.0,cresh25,3.0,1.2968737073345764,103.7703390755152,1.0,CAFE,-99.0,77.2257,92.0,65.0,28.0125,-99.0,POINT (38613.03413253216 10429.11715522668),38.61303413253216,10.429117155226681
159,2019-09-30 09:27:24.914000+00:00,10.0,,74.0,,10.0,,10.0,1193.1760000000004,11.0,cresh39,3.0,1.2968061627704048,103.77036420694272,0.0,OPEN_EXHIBITION_SPACE_2,504.0,90.0784,90.0,66.0,26.4108,50.0,POINT (45174.58667770044 5480.416880359473),45.17458667770044,5.480416880359473
160,2019-10-09 02:50:49.187000+00:00,10.0,10.0,78.0,,9.0,,11.0,9.984,10.0,cresh07,3.0,1.2968942048713992,103.77038149673392,1.0,CAFE,-99.0,72.0935,65.0,64.0,27.3501,-99.0,POINT (42886.29128002704 13674.46872465392),42.886291280027045,13.67446872465392
161,2019-10-09 02:35:41.507000+00:00,10.0,10.0,84.0,,9.0,,11.0,7.966,10.0,cresh07,3.0,1.296915963677489,103.77039485505868,0.0,OPEN_EXHIBITION_SPACE_2,588.0,80.1803,123.0,65.0,28.4545,50.0,POINT (43457.96644068297 16016.07203649959),43.457966440682966,16.01607203649959
162,2019-10-09 02:20:34.943000+00:00,10.0,10.0,76.0,,9.0,,11.0,17.069000000000006,10.0,cresh07,3.0,1.2969381433834937,103.77035255369402,0.0,OPEN_EXHIBITION_SPACE_2,590.0,81.9455,120.0,68.0,28.205,50.0,POINT (37041.44257038793 16454.87348964828),37.04144257038793,16.45487348964828
163,2019-10-22 01:32:34.583000+00:00,9.0,,94.0,,10.0,,10.0,1634.269,10.0,cresh35,3.0,1.2968793596195691,103.77045588639835,2.0,BEEHUB_NEXUS,,,,,,,POINT (52948.38466032349 14986.00875490164),52.94838466032349,14.98600875490164
164,2019-09-30 09:03:45.390000+00:00,10.0,10.0,84.0,,10.0,,10.0,1.43,10.0,cresh39,3.0,1.2968375299496508,103.7704539220204,2.0,ENERGY_LAB_1,580.0,68.6628,31.0,46.0,26.0728,130.0,POINT (54817.90929289346 11310.6800465682),54.81790929289346,11.310680046568201
165,2019-10-11 11:14:02.790000+00:00,10.0,10.0,93.0,,10.0,,10.0,3.665,10.0,cresh05,3.0,1.296931643255752,103.77037305175766,0.0,OPEN_EXHIBITION_SPACE_2,508.0,77.6437,97.0,67.0,28.843000000000004,50.0,POINT (39935.90525917734 16608.49984507549),39.935905259177346,16.60849984507549
166,2019-10-09 02:05:55.790000+00:00,10.0,10.0,111.0,1.2965416667,10.0,103.7700433333,10.0,6.047999999999999,10.0,cresh07,3.0,1.296964426092878,103.77033009006264,0.0,OPEN_EXHIBITION_SPACE_2,610.0,81.9273,132.0,64.0,27.8638,50.0,POINT (32900.50757474867 17938.58427085971),32.90050757474867,17.938584270859707
167,2019-10-24 05:03:22.136000+00:00,10.0,9.0,81.0,,10.0,,10.0,1.6380000000000001,11.0,cresh26,3.0,1.2969262647533135,103.77036439974964,0.0,OPEN_EXHIBITION_SPACE_2,432.0,67.737,165.0,64.0,31.885,50.0,POINT (39124.93600375727 15843.29957684641),39.12493600375727,15.843299576846409
168,2019-10-23 04:42:04.542000+00:00,9.0,10.0,78.0,,10.0,,10.0,299.407,10.0,cresh19,3.0,1.29686129963065,103.77034577840831,1.0,CAFE,,,,,,,POINT (40079.51509941473 9592.742599187482),40.079515099414735,9.592742599187483
169,2019-10-03 02:42:55.510000+00:00,9.0,9.0,87.0,,10.0,,10.0,4.694,9.0,cresh35,3.0,1.296843750224115,103.77045364003523,2.0,ENERGY_LAB_1,442.0,68.0204,48.0,48.0,26.1917,147.0,POINT (54468.04222367029 11837.21856988293),54.46804222367029,11.83721856988293
170,2019-10-09 08:18:18.032000+00:00,9.0,10.0,75.0,,10.0,,11.0,8.737,11.0,cresh15,3.0,1.2968576065444388,103.7703312137526,1.0,CAFE,,,,,,,POINT (38443.22610999554 8766.885303971616),38.44322610999554,8.766885303971616
171,2019-10-21 05:34:21.782000+00:00,10.0,9.0,93.0,,10.0,,10.0,2.5780000000000003,11.0,cresh21,3.0,1.2969697961794528,103.77036603187284,-1.0,OPEN_EXHIBITION_SPACE_2,522.0,96.4826,119.0,69.0,26.8688,50.0,POINT (37127.7620725469 19653.79225918414),37.1277620725469,19.65379225918414
172,2019-10-21 05:02:36.972000+00:00,9.0,10.0,72.0,,9.0,,10.0,10.37,10.0,cresh19,3.0,1.296942665211488,103.7703862491411,0.0,OPEN_EXHIBITION_SPACE_2,526.0,93.8973,92.0,69.0,27.1215,50.0,POINT (41030.41823920053 18018.67802688032),41.03041823920053,18.01867802688032
173,2019-10-15 08:07:47.400000+00:00,9.0,10.0,,,10.0,,11.0,3.28,10.0,cresh03,3.0,1.2969111369869322,103.7702434781489,0.0,OPEN_EXHIBITION_SPACE_2,466.0,68.6847,298.0,66.0,30.7436,50.0,POINT (24754.24069981213 10326.1443577303),24.75424069981213,10.3261443577303
174,2019-10-11 03:02:37.664000+00:00,9.0,10.0,74.0,,9.0,,10.0,4.0680000000000005,10.0,cresh01,3.0,1.2967822644789444,103.77042444662071,2.0,ENERGY_LAB_1,522.0,66.8635,35.0,48.0,26.2949,144.0,POINT (53923.35811876254 5518.367442632725),53.923358118762536,5.518367442632726
175,2019-10-29 04:39:36.583000+00:00,9.0,10.0,116.0,,10.0,,10.0,2.407,10.0,cresh29,3.0,1.2968878380470583,103.77032110461008,1.0,CAFE,-99.0,71.7759,33.0,68.0,29.5279,-99.0,POINT (35649.00232806477 11021.50380472234),35.649002328064775,11.021503804722341
176,2019-10-29 04:41:03.284000+00:00,11.0,10.0,108.0,,10.0,,11.0,119.40700000000001,11.0,cresh28,3.0,1.2968703159635808,103.77035030733087,1.0,CAFE,-99.0,71.5273,35.0,69.0,29.5728,-99.0,POINT (40190.42652448169 10527.9843184455),40.190426524481694,10.527984318445501
177,2019-10-29 09:49:43.898000+00:00,9.0,9.0,83.0,,11.0,,11.0,4.279,11.0,cresh24,3.0,1.2968544895656011,103.77034581460462,1.0,CAFE,-99.0,62.0622,247.0,69.0,29.9264,-99.0,POINT (40428.44364655865 9006.784661587757),40.42844364655865,9.006784661587757
178,2019-10-31 07:24:46.937000+00:00,10.0,10.0,90.0,,10.0,,10.0,3.56,10.0,cresh20,3.0,1.2968830331889825,103.77040197368306,0.0,,,,,,,,POINT (46014.36042183154 13424.54020827205),46.01436042183154,13.42454020827205
179,2019-10-15 08:20:28.892000+00:00,9.0,10.0,,,10.0,,11.0,4.524,10.0,cresh03,3.0,1.2969132207898133,103.77033099826023,1.0,CAFE,-99.0,64.6336,130.0,64.0,29.6448,-99.0,POINT (35603.73546387213 13554.88851872033),35.60373546387213,13.55488851872033
180,2019-10-17 11:20:17.994000+00:00,9.0,10.0,82.0,,10.0,,10.0,4.662,10.0,cresh09,3.0,1.2968169054518073,103.77043540934747,2.0,ENERGY_LAB_1,474.0,64.4863,13.0,47.0,26.3234,137.0,POINT (53543.70118709488 8887.316667003499),53.543701187094875,8.8873166670035
181,2019-10-04 07:28:02.441000+00:00,9.0,10.0,84.0,,10.0,,10.0,4.211,10.0,cresh08,3.0,1.2968431849956157,103.77041095913565,2.0,ENERGY_LAB_1,506.0,67.7698,65.0,46.0,26.1633,137.0,POINT (49154.26636161335 10301.54517580596),49.15426636161335,10.30154517580596
182,2019-10-10 07:51:09.917000+00:00,9.0,10.0,73.0,,10.0,,11.0,4.727,10.0,cresh15,3.0,1.2968590113935954,103.77033458278892,1.0,CAFE,,,,,,,POINT (38793.88190393911 9005.394654782109),38.79388190393911,9.005394654782108
183,2019-10-31 07:14:44.615000+00:00,10.0,,89.0,,10.0,,10.0,7.357,10.0,cresh20,3.0,1.2968830799549709,103.77026746172159,0.0,OPEN_EXHIBITION_SPACE_2,488.0,70.0996,176.0,64.0,29.8244,50.0,POINT (29175.15732218862 8742.389457929881),29.17515732218862,8.742389457929882
184,2019-10-17 10:43:03.783000+00:00,9.0,10.0,94.0,,10.0,,10.0,5.847,10.0,cresh09,3.0,1.2968441741454897,103.77046627582787,2.0,ENERGY_LAB_1,444.0,64.45100000000001,14.0,46.0,26.3539,133.0,POINT (56028.22361384797 12313.98346898548),56.02822361384797,12.31398346898548
185,2019-10-29 04:55:12.473000+00:00,9.0,10.0,88.0,,10.0,,10.0,2.252,10.0,cresh29,3.0,1.2968409240816188,103.77032013519415,0.0,OPEN_EXHIBITION_SPACE_2,500.0,80.8311,214.0,66.0,30.3582,50.0,POINT (37900.18861616457 6942.428860529248),37.90018861616457,6.9424288605292475
186,2019-10-29 04:56:51.525000+00:00,11.0,10.0,95.0,,10.0,,11.0,7.7810000000000015,11.0,cresh28,3.0,1.2968731774328583,103.77034291890213,1.0,CAFE,-99.0,75.0004,31.0,69.0,29.7199,-99.0,POINT (39120.90831623206 10517.32223977913),39.12090831623206,10.51732223977913
187,2019-10-15 08:35:52.730000+00:00,9.0,10.0,70.0,,10.0,,11.0,4.456,10.0,cresh03,3.0,1.296941816952907,103.77030538006815,0.0,OPEN_EXHIBITION_SPACE_2,442.0,68.7832,255.0,72.0,30.6109,50.0,POINT (30950.94894334397 15128.18412455008),30.95094894334397,15.12818412455008
188,2019-10-17 09:54:27.301000+00:00,9.0,9.0,69.0,,9.0,,11.0,13.937999999999999,11.0,cresh15,3.0,1.296918106792702,103.77040615970577,0.0,OPEN_EXHIBITION_SPACE_2,538.0,81.3433,31.0,67.0,27.8807,50.0,POINT (44764.58569902521 16594.70475235025),44.764585699025204,16.59470475235025
189,2019-10-10 08:07:51.677000+00:00,9.0,10.0,78.0,,10.0,,10.0,8.193,10.0,cresh15,3.0,1.2968599127590252,103.77033238144831,1.0,CAFE,,,,,,,POINT (38472.75674216594 9006.426468206322),38.47275674216594,9.006426468206323
190,2019-10-11 02:47:28.121000+00:00,9.0,10.0,68.0,,9.0,,11.0,5.093,10.0,cresh01,3.0,1.2967822644789444,103.77042444662071,2.0,ENERGY_LAB_1,544.0,66.3051,33.0,47.0,26.4581,144.0,POINT (53923.35811876254 5518.367442632725),53.923358118762536,5.518367442632726
191,2019-10-17 11:03:28.867000+00:00,9.0,10.0,84.0,,10.0,,10.0,3.29,10.0,cresh09,3.0,1.2968070103716622,103.77042219095131,2.0,ENERGY_LAB_1,466.0,64.3731,13.0,46.0,26.3539,137.0,POINT (52389.56981963362 7573.574774653272),52.38956981963362,7.573574774653272
192,2019-10-31 07:04:14.683000+00:00,9.0,10.0,83.0,,11.0,,11.0,3.2510000000000003,9.0,cresh17,3.0,1.2969370129264952,103.77028516279988,0.0,OPEN_EXHIBITION_SPACE_2,534.0,72.6058,244.0,66.0,29.4506,50.0,POINT (28663.30580300911 14009.60451695018),28.66330580300911,14.00960451695018
193,2019-10-28 09:09:56.104000+00:00,10.0,9.0,95.0,,11.0,,10.0,3.478,11.0,cresh02,3.0,1.2968137931136536,103.77030538006815,-1.0,OPEN_EXHIBITION_SPACE_2,524.0,83.7777,41.0,65.0,28.205,50.0,POINT (37425.3564736725 4088.931906300224),37.4253564736725,4.088931906300224
194,2019-10-04 07:11:09.503000+00:00,10.0,10.0,82.0,,11.0,,11.0,24.794,11.0,cresh07,3.0,1.296796271030176,103.7703435594077,-1.0,OPEN_EXHIBITION_SPACE_2,572.0,74.8613,254.0,65.0,28.5472,50.0,POINT (43090.38242938436 3908.14357383756),43.090382429384356,3.90814357383756
195,2019-10-15 07:07:05.999000+00:00,9.0,10.0,93.0,1.2964116667,10.0,103.769975,11.0,3.6060000000000003,10.0,cresh08,3.0,1.2969533904990214,103.77023909645315,0.0,OPEN_EXHIBITION_SPACE_2,470.0,72.1082,251.0,70.0,30.4762,50.0,POINT (22068.9446602257 13816.93303220534),22.0689446602257,13.81693303220534
196,2019-10-18 05:24:29.560000+00:00,9.0,,113.0,,10.0,,10.0,370.07,10.0,cresh35,3.0,1.2967911839736823,103.7704401618564,2.0,ENERGY_LAB_1,516.0,65.7783,45.0,48.0,26.3686,154.0,POINT (55439.35564121219 6834.972388062428),55.43935564121219,6.834972388062428
197,2019-10-11 09:23:48.107000+00:00,9.0,,76.0,,11.0,,10.0,560.268,10.0,cresh11,3.0,1.2968929251035521,103.77013016374336,-1.0,OPEN_EXHIBITION_SPACE_2,508.0,77.9186,253.0,67.0,29.7654,50.0,POINT (11491.7062786006 4808.074203952361),11.491706278600601,4.808074203952361
198,2019-10-16 03:58:59.331000+00:00,10.0,,101.0,,10.0,,11.0,2865.935,11.0,cresh06,3.0,1.2968364022536245,103.77030762643128,0.0,OPEN_EXHIBITION_SPACE_2,524.0,77.7726,142.0,65.0,29.4643,50.0,POINT (36563.14640204051 6116.734781314492),36.56314640204051,6.116734781314491
199,2019-10-04 06:49:57.670000+00:00,10.0,9.0,75.0,,11.0,,11.0,19.752,11.0,cresh07,3.0,1.296825512773318,103.770404597365,2.0,ENERGY_LAB_1,490.0,66.6834,50.0,46.0,26.6077,144.0,POINT (49251.68235866883 8556.069057424369),49.25168235866883,8.556069057424368
200,2019-10-28 08:09:04.921000+00:00,10.0,10.0,77.0,,10.0,,10.0,3.145,11.0,cresh02,3.0,1.2968184168849717,103.77031005278606,-1.0,OPEN_EXHIBITION_SPACE_2,556.0,81.9322,292.0,62.0,28.9473,50.0,POINT (37776.40688147707 4650.420992479916),37.77640688147707,4.6504209924799165
201,2019-10-18 04:51:33.980000+00:00,10.0,10.0,70.0,,10.0,,10.0,2.648,10.0,cresh26,3.0,1.2968205758556448,103.77034806096776,0.0,OPEN_EXHIBITION_SPACE_2,532.0,94.01899999999999,117.0,66.0,25.859,50.0,POINT (42424.7009302133 6160.72966700918),42.4247009302133,6.16072966700918
202,2019-10-16 03:58:10.579000+00:00,9.0,9.0,95.0,1.296425,10.0,103.7700033333,10.0,11.674000000000001,11.0,cresh09,3.0,1.2969562306954705,103.77038849550422,0.0,OPEN_EXHIBITION_SPACE_2,504.0,78.179,138.0,66.0,29.4948,50.0,POINT (40625.5629426334 19266.66364226848),40.6255629426334,19.26666364226848
203,2019-10-04 07:18:44.556000+00:00,10.0,,84.0,,10.0,,11.0,27.221999999999998,10.0,cresh07,3.0,1.296843648487125,103.77035922855733,1.0,CAFE,,,,,,,POINT (42655.7195258748 8539.29990584707),42.6557195258748,8.53929990584707
204,2019-10-18 04:37:40.752000+00:00,10.0,10.0,70.0,1.296545,10.0,103.7704233333,10.0,2.83,10.0,cresh26,3.0,1.2968067189257173,103.77035976662563,0.0,OPEN_EXHIBITION_SPACE_2,570.0,93.3924,78.0,65.0,25.9969,50.0,POINT (44590.6671622717 5373.679494624841),44.5906671622717,5.373679494624841
205,2019-10-23 07:18:12.739000+00:00,9.0,,102.0,,9.0,,10.0,360.16,10.0,cresh25,3.0,1.296897446931546,103.77033233642578,1.0,CAFE,-99.0,76.1648,104.0,65.0,28.439,-99.0,POINT (36568.94723185704 12241.35827893577),36.56894723185704,12.24135827893577
206,2019-10-18 04:16:22.932000+00:00,10.0,10.0,93.0,1.2966566667,10.0,103.770325,10.0,1.9980000000000002,10.0,cresh26,3.0,1.2968465763666115,103.77033795233362,0.0,CAFE,-99.0,73.0022,63.0,67.0,27.7069,-99.0,POINT (39844.51002693229 8050.535513997491),39.844510026932284,8.050535513997492
207,2019-10-18 04:09:13.540000+00:00,10.0,10.0,86.0,,11.0,,11.0,5.922999999999999,10.0,cresh26,3.0,1.2969275983393038,103.77044077609636,-1.0,OUTSIDE_RESTROOM,712.0,81.437,42.0,66.0,29.4137,50.0,POINT (48617.50763779135 18619.12288546036),48.61750763779135,18.61912288546036
208,2019-10-16 04:19:55.744000+00:00,9.0,9.0,94.0,,11.0,,10.0,7.046,11.0,cresh09,3.0,1.296960329936896,103.77039671149448,-1.0,OPEN_EXHIBITION_SPACE_2,512.0,82.1341,145.0,67.0,29.4811,50.0,POINT (41446.65058111085 19906.36549910742),41.44665058111085,19.906365499107423
209,2019-10-31 08:42:12.540000+00:00,9.0,10.0,54.0,,10.0,,,10.71,11.0,cresh41,3.0,1.2968272879440736,103.77045930859222,2.0,ENERGY_LAB_1,560.0,65.0763,44.0,47.0,26.2949,144.0,POINT (56010.1031016361 10615.19099610815),56.0101031016361,10.615190996108149
210,2019-10-28 08:35:05.905000+00:00,10.0,10.0,78.0,,10.0,,10.0,2.744,9.0,cresh02,3.0,1.2968070456984435,103.77031896354522,-1.0,OPEN_EXHIBITION_SPACE_2,526.0,80.6231,59.0,63.0,28.9747,50.0,POINT (39466.82740082825 3980.341910306464),39.46682740082825,3.9803419103064637
211,2019-10-31 08:41:07.947000+00:00,9.0,10.0,79.0,,10.0,,10.0,5.086,10.0,cresh35,3.0,1.2968612723075923,103.77046487185093,2.0,ENERGY_LAB_1,568.0,65.1992,48.0,47.0,26.2644,137.0,POINT (54987.8016977314 13739.41314582404),54.9878016977314,13.739413145824042
212,2019-10-15 07:50:17.513000+00:00,9.0,10.0,,,10.0,,11.0,5.0710000000000015,10.0,cresh03,3.0,1.2969338688429681,103.77028950635359,0.0,OPEN_EXHIBITION_SPACE_2,466.0,70.4269,273.0,70.0,30.9658,50.0,POINT (29365.98988755707 13889.81869189462),29.36598988755707,13.88981869189462
213,2019-10-15 07:29:22.616000+00:00,9.0,,,,10.0,,11.0,1052.798,10.0,cresh03,3.0,1.296834606105968,103.77027739266492,-1.0,OPEN_EXHIBITION_SPACE_2,448.0,70.6227,244.0,66.0,30.6699,50.0,POINT (32869.62587880514 4908.559939395405),32.869625878805145,4.908559939395405
214,2019-10-17 09:36:48.928000+00:00,9.0,9.0,72.0,,9.0,,11.0,7.16,11.0,cresh15,3.0,1.296918106792702,103.77040615970577,0.0,OPEN_EXHIBITION_SPACE_2,532.0,82.7461,40.0,68.0,27.6564,50.0,POINT (44764.58569902521 16594.70475235025),44.764585699025204,16.59470475235025
215,2019-10-11 05:44:29.993000+00:00,9.0,,89.0,,10.0,,11.0,2015.858,11.0,cresh13,3.0,1.2969031698701008,103.7703085390163,0.0,OPEN_EXHIBITION_SPACE_2,458.0,70.2505,186.0,68.0,30.6699,50.0,POINT (33300.80994197434 11905.77240384145),33.300809941974336,11.905772403841452
216,2019-10-29 05:10:37.954000+00:00,9.0,10.0,83.0,,10.0,,10.0,2.315,10.0,cresh29,3.0,1.2968409240816188,103.77032559733637,0.0,OPEN_EXHIBITION_SPACE_2,518.0,81.4881,225.0,67.0,29.7338,50.0,POINT (38583.88397569567 7132.721227811537),38.58388397569567,7.132721227811537
217,2019-10-29 09:32:58.096000+00:00,9.0,9.0,93.0,1.2965283333,11.0,103.77018000000001,10.0,6.0920000000000005,11.0,cresh24,3.0,1.2968409240816188,103.77032784369949,0.0,OPEN_EXHIBITION_SPACE_2,476.0,64.6031,340.0,67.0,32.4388,50.0,POINT (38865.06084439956 7210.980954493578),38.86506084439956,7.210980954493578
218,2019-10-17 03:05:45.488000+00:00,9.0,10.0,92.0,,10.0,,10.0,4.664,10.0,cresh04,3.0,1.2969064905875345,103.77036603187284,1.0,CAFE,-99.0,72.712,79.0,67.0,27.9541,-99.0,POINT (40329.24551046344 14195.07144524782),40.329245510463444,14.195071445247821
219,2019-10-10 10:38:52.935000+00:00,10.0,10.0,83.0,,10.0,,10.0,3.194,11.0,cresh10,3.0,1.2968614136147174,103.77040927436329,0.0,,,,,,,,POINT (48021.52798621633 11814.66954326074),48.02152798621633,11.81466954326074
220,2019-10-04 08:39:43.142000+00:00,10.0,10.0,85.0,,10.0,,10.0,8.503,11.0,cresh07,3.0,1.296779879274319,103.77042443726302,2.0,ENERGY_LAB_1,478.0,67.6603,74.0,46.0,26.0728,140.0,POINT (54042.81112618248 5312.369776686097),54.04281112618248,5.312369776686097
221,2019-10-17 05:37:05.731000+00:00,9.0,10.0,98.0,,9.0,,11.0,6.57,11.0,cresh13,3.0,1.2969145801444395,103.77039535127182,0.0,OPEN_EXHIBITION_SPACE_2,494.0,78.6303,255.0,70.0,29.6159,50.0,POINT (43590.04523072216 15914.05989061762),43.590045230722154,15.91405989061762
222,2019-10-30 09:02:59.820000+00:00,10.0,,90.0,1.2969116667,10.0,103.77035500000001,10.0,118.715,10.0,cresh27,3.0,1.2968835988333138,103.77012735578943,-1.0,OPEN_EXHIBITION_SPACE_2,476.0,78.6352,157.0,65.0,29.1263,50.0,POINT (11611.88230280176 3906.062996099054),11.61188230280176,3.9060629960990543
223,2019-10-30 08:33:08.140000+00:00,10.0,10.0,95.0,,10.0,,10.0,3.9360000000000004,10.0,cresh27,3.0,1.2968816205335665,103.7703098727944,0.0,,,,,,,,POINT (34557.54938650387 10094.08080368997),34.55754938650387,10.094080803689971
224,2019-10-11 02:01:49.279000+00:00,9.0,9.0,81.0,,9.0,,10.0,4.654,11.0,cresh01,3.0,1.2967821403177549,103.77042447100857,2.0,ENERGY_LAB_1,506.0,67.4973,48.0,46.0,26.2644,147.0,POINT (53932.68981048597 5508.510894151541),53.932689810485975,5.508510894151541
225,2019-10-11 02:17:05.967000+00:00,9.0,10.0,71.0,,9.0,,10.0,6.4179999999999975,11.0,cresh01,3.0,1.2967841827021065,103.77042610892613,2.0,ENERGY_LAB_1,502.0,66.9462,33.0,46.0,26.3402,147.0,POINT (54034.42042067064 5741.684261987697),54.03442042067064,5.741684261987697
226,2019-10-10 11:31:51.624000+00:00,9.0,10.0,101.0,1.297085,9.0,103.77039333329999,11.0,16.709,11.0,cresh13,3.0,1.296804749457665,103.77032335097324,-1.0,OPEN_EXHIBITION_SPACE_2,586.0,84.1159,99.0,63.0,27.9828,50.0,POINT (40132.1262143887 3935.192464567092),40.1321262143887,3.935192464567092
227,2019-10-11 05:59:48.904000+00:00,9.0,10.0,91.0,,10.0,,10.0,2.582,10.0,cresh04,3.0,1.2968861423615603,103.77034356824149,1.0,CAFE,-99.0,67.3443,90.0,65.0,29.5592,-99.0,POINT (38546.52505711769 11657.88534137879),38.54652505711769,11.657885341378789
228,2019-10-17 04:07:59.382000+00:00,10.0,10.0,84.0,,10.0,,10.0,10.677,11.0,cresh22,3.0,1.2969313606415025,103.77039972731993,0.0,OPEN_EXHIBITION_SPACE_2,552.0,81.7764,237.0,66.0,28.3082,50.0,POINT (43289.17293315388 17513.46481602453),43.28917293315388,17.51346481602453
229,2019-10-30 08:06:56.890000+00:00,10.0,10.0,87.0,,10.0,,10.0,5.526,10.0,cresh27,3.0,1.2969200560715168,103.77036378550972,1.0,CAFE,-99.0,77.6563,147.0,67.0,27.9822,-99.0,POINT (39362.03647649974 15286.53760725273),39.362036476499746,15.28653760725273
230,2019-10-30 07:41:14.765000+00:00,10.0,10.0,99.0,,10.0,,10.0,6.596,11.0,cresh27,3.0,1.2969200560715168,103.77036378550972,1.0,CAFE,-99.0,75.5867,157.0,66.0,28.6591,-99.0,POINT (39362.03647649974 15286.53760725273),39.362036476499746,15.28653760725273
231,2019-10-17 04:35:41.174000+00:00,10.0,10.0,88.0,,10.0,,10.0,9.208,10.0,cresh22,3.0,1.2969621651788807,103.77020878645321,0.0,OPEN_EXHIBITION_SPACE_2,568.0,81.3604,236.0,65.0,28.9473,50.0,POINT (17831.29526468828 13517.60468898309),17.83129526468828,13.51760468898309
232,2019-10-17 04:45:43.888000+00:00,9.0,9.0,98.0,,9.0,,10.0,3.7769999999999997,11.0,cresh09,3.0,1.2969596573412685,103.77036715505443,0.0,OPEN_EXHIBITION_SPACE_2,542.0,78.8822,236.0,67.0,29.7201,50.0,POINT (37781.09072096994 18818.6693861362),37.78109072096994,18.8186693861362
233,2019-10-30 07:50:07.712000+00:00,10.0,10.0,97.0,,10.0,,10.0,3.568,10.0,cresh27,3.0,1.2968793596195691,103.77030762643128,0.0,OPEN_EXHIBITION_SPACE_2,586.0,81.2423,69.0,67.0,27.8196,50.0,POINT (34390.71121202491 9820.866762201229),34.39071121202491,9.820866762201229
234,2019-10-17 05:22:47.388000+00:00,9.0,,94.0,,9.0,,10.0,394.608,11.0,cresh09,3.0,1.296940629349784,103.77042550126578,0.0,OPEN_EXHIBITION_SPACE_2,538.0,80.3141,170.0,67.0,29.5096,50.0,POINT (46046.55700870541 19210.61128147472),46.046557008705406,19.210611281474723
235,2019-10-30 08:21:05.004000+00:00,10.0,10.0,98.0,,10.0,,10.0,4.487,10.0,cresh27,3.0,1.2968612723075923,103.7703390755152,1.0,CAFE,-99.0,80.0957,159.0,68.0,27.7934,-99.0,POINT (39241.89695070196 9356.868423904762),39.24189695070196,9.356868423904762
236,2019-10-17 06:36:16.740000+00:00,10.0,10.0,106.0,1.2967116667,10.0,103.77034666670001,10.0,1.749,11.0,cresh06,3.0,1.2968386631676216,103.77039074186735,0.0,,,,,,,,POINT (46852.35191034922 9207.299000170595),46.85235191034922,9.207299000170595
237,2019-10-23 07:33:29.551000+00:00,9.0,10.0,91.0,,9.0,,10.0,4.078,10.0,cresh25,3.0,1.2969002124214335,103.7703540497649,1.0,CAFE,-99.0,74.6959,95.0,65.0,28.147,-99.0,POINT (39146.9459387634 13236.27949334558),39.146945938763395,13.236279493345581
238,2019-10-23 07:02:56.872000+00:00,9.0,10.0,102.0,,10.0,,10.0,8.474,10.0,cresh25,3.0,1.2969064905356371,103.77033907550656,1.0,CAFE,-99.0,76.3491,140.0,64.0,28.5287,-99.0,POINT (36955.12461128507 13255.94994408959),36.95512461128507,13.25594994408959
239,2019-10-17 09:19:31.332000+00:00,9.0,,66.0,,9.0,,11.0,69.92399999999999,11.0,cresh15,3.0,1.2969364077746626,103.7703693711593,0.0,OPEN_EXHIBITION_SPACE_2,538.0,83.9432,43.0,69.0,27.7017,50.0,POINT (39234.25469757893 16891.10904463826),39.23425469757893,16.89110904463826
240,2019-10-29 05:10:43.438000+00:00,11.0,,90.0,,10.0,,11.0,232.762,11.0,cresh28,3.0,1.2968488394885322,103.77033795233362,1.0,CAFE,-99.0,71.0409,29.0,71.0,29.6896,-99.0,POINT (39730.05967384781 8245.680213840515),39.73005967384781,8.245680213840515
241,2019-10-10 08:53:24.694000+00:00,9.0,10.0,107.0,1.2970333333,10.0,103.7710416667,10.0,4.511,11.0,cresh06,3.0,1.2969290997275054,103.7703862491411,0.0,OPEN_EXHIBITION_SPACE_2,586.0,80.2447,321.0,63.0,29.1853,50.0,POINT (41716.45040447157 16848.9521381742),41.71645040447157,16.8489521381742
242,2019-10-29 05:25:12.836000+00:00,9.0,,84.0,,10.0,,10.0,671.235,10.0,cresh29,3.0,1.2968341413396274,103.77033009006264,0.0,OPEN_EXHIBITION_SPACE_2,510.0,76.9831,234.0,71.0,30.3719,50.0,POINT (39489.25379930214 6704.377737803166),39.48925379930214,6.704377737803166
243,2019-10-15 08:56:03.530000+00:00,9.0,10.0,,,10.0,,11.0,3.2489999999999997,10.0,cresh03,3.0,1.2969449261254848,103.77032335097324,0.0,OPEN_EXHIBITION_SPACE_2,468.0,74.438,203.0,65.0,30.254,50.0,POINT (33043.1271732621 16022.35998118416),33.0431271732621,16.02235998118416
244,2019-10-17 09:02:10.260000+00:00,9.0,10.0,81.0,,9.0,,11.0,6.666,11.0,cresh15,3.0,1.2969290997275054,103.77036603187284,0.0,OPEN_EXHIBITION_SPACE_2,542.0,86.9469,49.0,69.0,27.4626,50.0,POINT (39185.85856834879 16144.61459308495),39.18585856834879,16.14461459308495
245,2019-10-29 05:25:22.342000+00:00,11.0,10.0,105.0,,10.0,,11.0,3.5610000000000004,11.0,cresh28,3.0,1.2968615816440812,103.77034618855629,1.0,CAFE,-99.0,71.9841,31.0,69.0,29.9399,-99.0,POINT (40116.59129387385 9631.348985253258),40.116591293873846,9.631348985253258
246,2019-10-17 08:44:43.354000+00:00,9.0,9.0,82.0,,9.0,,11.0,8.442,11.0,cresh15,3.0,1.296912123079308,103.7704038314157,0.0,OPEN_EXHIBITION_SPACE_2,540.0,84.015,50.0,65.0,27.6701,50.0,POINT (44775.76174597211 15997.62659323127),44.775761745972105,15.99762659323127
247,2019-10-29 05:40:16.023000+00:00,9.0,10.0,85.0,,10.0,,10.0,2.642,10.0,cresh29,3.0,1.2968409240816188,103.77032110461008,0.0,OPEN_EXHIBITION_SPACE_2,564.0,77.5098,248.0,66.0,29.956,50.0,POINT (38021.53023295156 6976.201772962193),38.02153023295156,6.976201772962193
248,2019-10-17 08:27:14.834000+00:00,9.0,9.0,74.0,,9.0,,11.0,5.872000000000001,11.0,cresh15,3.0,1.2969090363756477,103.77038598205827,1.0,CAFE,-99.0,72.8428,51.0,67.0,27.7069,-99.0,POINT (42697.66132062696 15109.62271663908),42.69766132062696,15.10962271663908
249,2019-10-29 05:40:27.656000+00:00,11.0,10.0,97.0,,10.0,,11.0,5.527,11.0,cresh28,3.0,1.2968575983223474,103.77035199210323,1.0,CAFE,-99.0,71.9686,27.0,69.0,29.6761,-99.0,POINT (41044.46433271945 9490.06109330809),41.04446433271945,9.49006109330809
250,2019-10-17 08:07:06.435000+00:00,9.0,10.0,81.0,,9.0,,11.0,8.264,11.0,cresh15,3.0,1.2969347939824525,103.77037946900148,0.0,OPEN_EXHIBITION_SPACE_2,528.0,86.9579,39.0,70.0,27.3163,50.0,POINT (40579.81231146376 17103.74760912597),40.579812311463755,17.10374760912597
251,2019-10-04 07:52:45.697000+00:00,10.0,10.0,88.0,,10.0,,10.0,6.345,10.0,cresh07,3.0,1.2967821403176942,103.77042668367758,2.0,ENERGY_LAB_1,490.0,67.7479,55.0,51.0,26.2949,140.0,POINT (54209.64919692733 5585.596766382852),54.20964919692732,5.585596766382852
252,2019-10-11 02:32:16.165000+00:00,9.0,10.0,77.0,,9.0,,10.0,3.22,10.0,cresh01,3.0,1.2967822644789444,103.77042444662071,2.0,ENERGY_LAB_1,518.0,66.8623,47.0,47.0,26.3992,147.0,POINT (53923.35811876254 5518.367442632725),53.923358118762536,5.518367442632726
253,2019-10-29 05:40:33.500000+00:00,9.0,10.0,86.0,,10.0,,10.0,1.9509999999999998,10.0,cresh29,3.0,1.2968409240816188,103.77032110461008,0.0,OPEN_EXHIBITION_SPACE_2,542.0,78.6182,242.0,69.0,30.1224,50.0,POINT (38021.53023295156 6976.201772962193),38.02153023295156,6.976201772962193
254,2019-10-11 05:50:00.832000+00:00,9.0,10.0,79.0,,10.0,,11.0,5.489,11.0,cresh08,3.0,1.2968612723075923,103.77059066818668,-1.0,OUTSIDE_RESTROOM,512.0,74.8674,52.0,65.0,30.9005,50.0,POINT (70733.70644476084 18121.95786774333),70.73370644476084,18.12195786774333
255,2019-10-17 07:37:50.512000+00:00,9.0,,59.0,,,,11.0,1183.28,,cresh15,3.0,1.2969030970086148,103.7703865299365,1.0,CAFE,-99.0,74.7934,53.0,69.0,28.1324,-99.0,POINT (43066.60415716117 14616.56959940189),43.06660415716117,14.61656959940189
256,2019-10-04 08:12:24.772000+00:00,10.0,10.0,79.0,,10.0,,10.0,3.987,10.0,cresh07,3.0,1.296775868709524,103.77042301359407,-1.0,,,,,,,,POINT (54067.43258178486 4916.948033554387),54.06743258178486,4.9169480335543865
257,2019-10-23 07:49:02.368000+00:00,9.0,9.0,87.0,,9.0,,11.0,5.17,10.0,cresh25,3.0,1.2969158885825256,103.77035726380487,1.0,CAFE,-99.0,72.8119,89.0,65.0,28.1324,-99.0,POINT (38756.47364758729 14699.97710796678),38.75647364758729,14.699977107966781
258,2019-10-23 06:47:25.492000+00:00,9.0,10.0,92.0,,10.0,,10.0,3.4610000000000003,10.0,cresh25,3.0,1.2969200560715168,103.77036378550972,1.0,CAFE,-99.0,76.1315,160.0,63.0,28.6894,-99.0,POINT (39362.03647649974 15286.53760725273),39.362036476499746,15.28653760725273
259,2019-10-15 06:58:06.604000+00:00,9.0,10.0,79.0,,10.0,,11.0,3.824,10.0,cresh08,3.0,1.2968291779312142,103.77026443657705,-1.0,OPEN_EXHIBITION_SPACE_2,458.0,70.8794,240.0,70.0,30.6699,50.0,POINT (31522.42774615478 3989.129210115141),31.52242774615478,3.989129210115141
260,2019-10-22 11:47:54.269000+00:00,9.0,10.0,114.0,1.2967266667,9.0,103.7702083333,10.0,13.779000000000002,10.0,cresh24,3.0,1.296884305368938,103.77028305683443,0.0,OPEN_EXHIBITION_SPACE_2,542.0,94.0494,99.0,62.0,25.3283,50.0,POINT (31065.22329473837 9391.363559043501),31.06522329473837,9.391363559043501
261,2019-10-21 01:51:41.903000+00:00,9.0,10.0,94.0,1.29651,10.0,103.7702633333,10.0,6.817,10.0,cresh19,3.0,1.2968250976836393,103.77035929278343,0.0,OPEN_EXHIBITION_SPACE_2,532.0,85.6598,143.0,66.0,28.6651,50.0,POINT (43601.90789063045 6941.936931498893),43.60190789063045,6.941936931498892
262,2019-10-15 05:03:14.924000+00:00,10.0,10.0,77.0,,10.0,,11.0,9.59,11.0,cresh22,3.0,1.296854587775088,103.77033115298136,1.0,CAFE,-99.0,63.3003,96.0,68.0,29.2463,-99.0,POINT (38588.2842563936 8504.465389477869),38.5882842563936,8.50446538947787
263,2019-10-28 07:50:21.012000+00:00,10.0,9.0,78.0,,10.0,,10.0,6.756,10.0,cresh02,3.0,1.2968184168849717,103.77031005278606,-1.0,OPEN_EXHIBITION_SPACE_2,556.0,78.342,143.0,63.0,30.0634,50.0,POINT (37776.40688147707 4650.420992479916),37.77640688147707,4.6504209924799165
264,2019-10-25 09:03:03.510000+00:00,9.0,10.0,71.0,,10.0,,10.0,1.624,10.0,cresh26,3.0,1.2969088097355224,103.77033371709452,1.0,CAFE,-99.0,77.9191,60.0,66.0,28.439,-99.0,POINT (36167.12681534061 13269.25156702327),36.167126815340616,13.26925156702327
265,2019-10-15 05:09:44.824000+00:00,9.0,9.0,90.0,,9.0,,10.0,6.693,11.0,cresh12,3.0,1.2969539697814734,103.77041320549877,-1.0,OPEN_EXHIBITION_SPACE_2,452.0,64.2004,225.0,66.0,30.7573,50.0,POINT (43832.84721571401 19932.56632741952),43.83284721571401,19.932566327419522
266,2019-10-20 05:47:37.414000+00:00,9.0,,68.0,,10.0,,10.0,2450.6279999999997,10.0,cresh35,3.0,1.296791674132772,103.7704204974041,2.0,ENERGY_LAB_1,444.0,84.00399999999998,50.0,52.0,28.8315,130.0,POINT (52953.17140811132 6192.159560130647),52.95317140811132,6.192159560130647
267,2019-10-21 04:31:38.441000+00:00,9.0,10.0,66.0,,9.0,,10.0,7.487,10.0,cresh19,3.0,1.2969358824694963,103.77040197368306,0.0,OPEN_EXHIBITION_SPACE_2,500.0,81.7034,148.0,64.0,29.2284,50.0,POINT (43341.67241523157 17981.63317273845),43.34167241523157,17.981633172738448
268,2019-10-20 02:19:47.844000+00:00,9.0,10.0,105.0,,10.0,,10.0,5.936,10.0,cresh35,3.0,1.2968431849956157,103.77039972731993,0.0,,,,,,,,POINT (47748.38200742126 9910.246539425227),47.74838200742126,9.910246539425227
269,2019-10-20 02:17:33.813000+00:00,9.0,,73.0,1.297065,10.0,103.7702133333,11.0,4247.191,11.0,cresh35,3.0,1.2969079032429505,103.77019755463749,0.0,OPEN_EXHIBITION_SPACE_2,522.0,81.6329,151.0,65.0,28.8115,50.0,POINT (19169.53957158033 8447.402497777897),19.16953957158033,8.447402497777897
270,2019-10-18 08:31:31.473000+00:00,9.0,10.0,86.0,,10.0,,10.0,8.698,10.0,cresh27,3.0,1.2969197542543032,103.77036296412932,1.0,CAFE,,,,,,,POINT (39274.48790676949 15231.89689319081),39.274487906769494,15.23189689319081
271,2019-10-18 08:15:43.466000+00:00,9.0,10.0,87.0,,11.0,,11.0,6.9030000000000005,10.0,cresh27,3.0,1.2968250976836393,103.77027393098422,-1.0,OPEN_EXHIBITION_SPACE_2,488.0,81.0635,156.0,66.0,27.5806,50.0,POINT (32917.18681762536 3968.067300253204),32.917186817625364,3.968067300253204
272,2019-10-11 07:13:09.528000+00:00,9.0,,67.0,,10.0,,11.0,11.127,10.0,cresh12,3.0,1.2968951860175488,103.77033682915207,1.0,CAFE,-99.0,68.6883,106.0,67.0,29.4998,-99.0,POINT (37245.63966881485 12202.92341899757),37.24563966881485,12.202923418997571
273,2019-10-18 08:00:13.713000+00:00,9.0,10.0,78.0,1.296745,11.0,103.7703083333,11.0,12.332,10.0,cresh27,3.0,1.2968216709858624,103.77030051879791,-1.0,OPEN_EXHIBITION_SPACE_2,498.0,83.33,173.0,68.0,27.5974,50.0,POINT (36418.47326492143 4598.866906097386),36.418473264921424,4.598866906097387
274,2019-10-09 09:55:33.502000+00:00,10.0,,78.0,,10.0,,10.0,2453.3379999999997,,cresh14,3.0,1.2968561852510991,103.77033065165344,1.0,CAFE,,,,,,,POINT (38444.74574968724 8624.747239123375),38.444745749687236,8.624747239123375
275,2019-10-15 05:13:14.364000+00:00,9.0,,88.0,,9.0,,10.0,9.573,11.0,cresh12,3.0,1.2969607525234643,103.7704042200462,-1.0,OPEN_EXHIBITION_SPACE_2,452.0,64.3342,202.0,66.0,30.6983,50.0,POINT (42365.12364938588 20204.39036254027),42.36512364938588,20.20439036254027
276,2019-10-21 04:42:29.932000+00:00,9.0,10.0,101.0,,9.0,,11.0,8.162,11.0,cresh18,3.0,1.2969347243386076,103.7703978183536,0.0,OPEN_EXHIBITION_SPACE_2,512.0,78.387,137.0,63.0,28.961,50.0,POINT (42880.11944074544 17737.00466363228),42.88011944074544,17.73700466363228
277,2019-10-09 10:09:53.144000+00:00,9.0,10.0,91.0,,10.0,,10.0,2.8200000000000003,10.0,cresh14,3.0,1.2968442823833848,103.77031905345638,0.0,OPEN_EXHIBITION_SPACE_2,532.0,75.7835,147.0,66.0,29.2137,50.0,POINT (37594.95202487991 7194.322808229716),37.59495202487991,7.194322808229717
278,2019-10-04 06:21:26.812000+00:00,10.0,9.0,87.0,,11.0,,11.0,12.715,11.0,cresh07,3.0,1.2968187388630223,103.7703931286282,0.0,,,,,,,,POINT (48158.71208053062 7572.415061979851),48.15871208053062,7.572415061979851
279,2019-10-21 04:31:12.753000+00:00,10.0,10.0,85.0,,9.0,,11.0,11.259,10.0,cresh23,3.0,1.2969278282648644,103.77042829258195,0.0,OPEN_EXHIBITION_SPACE_2,500.0,81.7034,148.0,64.0,29.2284,50.0,POINT (47043.32061306445 18204.04309676394),47.043320613064445,18.20404309676394
280,2019-10-04 06:35:38.733000+00:00,10.0,9.0,78.0,,11.0,,11.0,34.283,11.0,cresh07,3.0,1.2967982847913977,103.77034369784529,-1.0,OPEN_EXHIBITION_SPACE_2,588.0,78.8651,159.0,65.0,27.6248,50.0,POINT (43005.87092580696 4086.60932055858),43.00587092580696,4.08660932055858
281,2019-10-11 06:55:55.800000+00:00,9.0,9.0,98.0,,10.0,,11.0,8.802,11.0,cresh12,3.0,1.2968943377589681,103.77034581460458,1.0,CAFE,-99.0,64.5801,100.0,69.0,29.5144,-99.0,POINT (38413.24518513873 12442.81860179135),38.41324518513873,12.44281860179135
282,2019-10-21 04:31:02.624000+00:00,9.0,10.0,85.0,,10.0,,10.0,6.9110000000000005,11.0,cresh16,3.0,1.2969327383859692,103.77038230045588,0.0,OPEN_EXHIBITION_SPACE_2,500.0,81.7034,148.0,64.0,29.2284,50.0,POINT (41038.18034896352 17025.14081131167),41.03818034896352,17.02514081131167
283,2019-10-21 04:01:00.765000+00:00,9.0,10.0,93.0,,9.0,,10.0,5.39,11.0,cresh16,3.0,1.2969358824694963,103.77041095913565,0.0,OPEN_EXHIBITION_SPACE_2,500.0,80.4357,209.0,64.0,29.3769,50.0,POINT (44466.37989894101 18294.67208194206),44.466379898941014,18.29467208194206
284,2019-10-23 08:03:26.219000+00:00,9.0,9.0,97.0,,9.0,,10.0,6.077000000000001,10.0,cresh25,3.0,1.296882256415628,103.77034356824149,1.0,CAFE,-99.0,72.9046,83.0,65.0,28.1773,-99.0,POINT (38743.04468778734 11322.80761285505),38.74304468778734,11.32280761285505
285,2019-10-21 03:54:58.854000+00:00,10.0,10.0,64.0,1.2969700000000002,10.0,103.77018000000001,10.0,7.984,9.0,cresh22,3.0,1.2969019687595402,103.77013690283277,0.0,OPEN_EXHIBITION_SPACE_2,492.0,77.7957,179.0,66.0,29.3316,50.0,POINT (11877.88211321622 5822.670644595626),11.87788211321622,5.822670644595626
286,2019-10-21 03:54:13.252000+00:00,9.0,10.0,70.0,,9.0,,,7.824,11.0,cresh18,3.0,1.2968793596195691,103.7702626991685,0.0,OPEN_EXHIBITION_SPACE_2,500.0,78.123,174.0,61.0,29.259,50.0,POINT (28767.17380059277 8255.672218163541),28.76717380059277,8.255672218163541
287,2019-10-16 09:15:41.116000+00:00,9.0,9.0,83.0,1.2965466667,10.0,103.7702066667,10.0,4.582,11.0,cresh09,3.0,1.2968431849956157,103.77029864097872,0.0,OPEN_EXHIBITION_SPACE_2,514.0,79.1194,101.0,67.0,29.4053,50.0,POINT (35095.42283747993 6388.558816949455),35.09542283747993,6.3885588169494545
288,2019-10-21 04:09:31.813000+00:00,9.0,10.0,64.0,,9.0,,11.0,6.638999999999999,10.0,cresh18,3.0,1.2969531215228924,103.77036378550972,0.0,OPEN_EXHIBITION_SPACE_2,506.0,77.2617,206.0,65.0,29.7654,50.0,POINT (37689.85410305725 18137.70860457895),37.68985410305725,18.13770860457895
289,2019-10-21 04:16:52.615000+00:00,9.0,10.0,93.0,,9.0,,10.0,6.24,10.0,cresh16,3.0,1.2969345400518106,103.77041931279854,0.0,OPEN_EXHIBITION_SPACE_2,490.0,81.6815,218.0,67.0,29.4359,50.0,POINT (45579.89498400869 18469.94631750747),45.579894984008696,18.46994631750747
290,2019-10-21 04:17:01.723000+00:00,10.0,10.0,96.0,,9.0,,11.0,10.985,10.0,cresh23,3.0,1.2969045144957108,103.77037598255957,1.0,CAFE,-99.0,71.8271,95.0,66.0,28.704,-99.0,POINT (41674.70587972621 14371.34294072882),41.674705879726204,14.37134294072882
291,2019-10-09 08:33:43.316000+00:00,9.0,9.0,70.0,,10.0,,11.0,744.7180000000003,10.0,cresh15,3.0,1.2968576065444388,103.7703312137526,1.0,CAFE,,,,,,,POINT (38443.22610999554 8766.885303971616),38.44322610999554,8.766885303971616
292,2019-10-21 04:26:04.671000+00:00,9.0,10.0,78.0,,9.0,,11.0,7.579,11.0,cresh18,3.0,1.2968782379942658,103.7704031231892,0.0,,,,,,,,POINT (46400.74595827386 13051.10665566213),46.40074595827386,13.05110665566213
293,2019-10-21 03:46:23.580000+00:00,9.0,10.0,93.0,,9.0,,10.0,45.981,11.0,cresh16,3.0,1.2969110124155283,103.77040197368306,0.0,OPEN_EXHIBITION_SPACE_2,490.0,79.4722,176.0,63.0,29.1547,50.0,POINT (44599.39805155994 15837.13571011377),44.59939805155994,15.837135710113769
294,2019-10-21 03:38:47.799000+00:00,9.0,,64.0,,9.0,,11.0,1735.2779999999998,11.0,cresh18,3.0,1.2969348824005191,103.77040282549535,0.0,OPEN_EXHIBITION_SPACE_2,522.0,78.5075,167.0,68.0,28.6209,50.0,POINT (43498.8689847682 17925.07491492977),43.4988689847682,17.92507491492977
295,2019-10-21 03:33:51.269000+00:00,10.0,,96.0,,9.0,,11.0,481.68300000000005,10.0,cresh23,3.0,1.2969494479534789,103.7703750173254,0.0,OPEN_EXHIBITION_SPACE_2,508.0,82.2667,136.0,67.0,28.2945,50.0,POINT (39281.51780416851 18212.24233531901),39.28151780416851,18.21224233531901
296,2019-10-16 09:16:23.667000+00:00,9.0,,86.0,1.2965466667,10.0,103.7702066667,11.0,12.203,11.0,cresh09,3.0,1.2968431849956157,103.77029864097872,0.0,OPEN_EXHIBITION_SPACE_2,516.0,78.9381,99.0,68.0,29.3316,50.0,POINT (35095.42283747993 6388.558816949455),35.09542283747993,6.3885588169494545
297,2019-10-16 09:37:37.165000+00:00,9.0,10.0,72.0,,9.0,,11.0,8.809,11.0,cresh12,3.0,1.2969449261254848,103.77039523459364,0.0,OPEN_EXHIBITION_SPACE_2,498.0,80.1498,69.0,64.0,29.1547,50.0,POINT (42040.78702514997 18526.67124986215),42.04078702514997,18.52667124986215
298,2019-11-01 07:51:09.315000+00:00,9.0,10.0,90.0,1.29692,10.0,103.7703283333,10.0,3.702,10.0,cresh27,3.0,1.2968680550495837,103.7701683519167,-1.0,OPEN_EXHIBITION_SPACE_2,406.0,72.7724,374.0,65.0,29.6159,50.0,POINT (17529.43871137802 3993.992102805512),17.52943871137802,3.993992102805512
299,2019-10-15 04:44:05.194000+00:00,10.0,10.0,66.0,,10.0,,11.0,20.491999999999997,10.0,cresh22,3.0,1.296854587775088,103.77033115298136,1.0,CAFE,-99.0,66.407,100.0,69.0,29.3663,-99.0,POINT (38588.2842563936 8504.465389477869),38.5882842563936,8.50446538947787
300,2019-10-04 06:32:11.533000+00:00,9.0,10.0,114.0,,10.0,,10.0,12.692,10.0,cresh08,3.0,1.2968861423615603,103.77060414636549,-1.0,OUTSIDE_RESTROOM,526.0,80.5197,44.0,62.0,27.7627,50.0,POINT (71163.04202954972 20736.01369293571),71.16304202954971,20.73601369293571
301,2019-10-16 09:13:19.153000+00:00,9.0,,83.0,,9.0,,11.0,12.339,11.0,cresh12,3.0,1.2969572901870323,103.7703789484609,0.0,OPEN_EXHIBITION_SPACE_2,512.0,79.6486,101.0,66.0,29.3906,50.0,POINT (39376.98075446763 19025.41774510999),39.37698075446763,19.02541774510999
302,2019-11-01 05:39:15.326000+00:00,9.0,,73.0,1.2964816667,10.0,103.7700533333,11.0,9604.881,11.0,cresh35,3.0,1.2969483174964809,103.77041769822505,0.0,OPEN_EXHIBITION_SPACE_2,418.0,77.2677,251.0,65.0,28.8567,50.0,POINT (44681.04769219676 19601.69999483366),44.681047692196756,19.60169999483366
303,2019-10-18 07:47:39.276000+00:00,9.0,10.0,81.0,,10.0,,10.0,8.062999999999999,11.0,cresh27,3.0,1.2969206566267977,103.77036325024349,1.0,CAFE,,,,,,,POINT (39264.66608369598 15319.67452126315),39.26466608369598,15.31967452126315
304,2019-11-01 04:28:30.161000+00:00,10.0,10.0,76.0,,10.0,,10.0,1.2670000000000001,10.0,cresh22,3.0,1.2968816205335665,103.7703390755152,1.0,CAFE,-99.0,75.2406,194.0,69.0,27.7934,-99.0,POINT (38212.84870277855 11111.45725699266),38.21284870277855,11.11145725699266
305,2019-11-01 04:58:55.956000+00:00,10.0,10.0,72.0,,10.0,,10.0,1.25,10.0,cresh22,3.0,1.2968502503518566,103.7703463761954,1.0,CAFE,-99.0,73.7848,191.0,66.0,28.2357,-99.0,POINT (40713.12291537831 8660.810253043588),40.713122915378314,8.660810253043588
306,2019-11-01 04:43:43.821000+00:00,10.0,10.0,80.0,,10.0,,10.0,1.591,10.0,cresh22,3.0,1.2968831395851583,103.7703541507178,1.0,CAFE,-99.0,72.2243,195.0,67.0,27.9989,-99.0,POINT (40022.98779548151 11767.63832471248),40.02298779548151,11.767638324712479
307,2019-10-18 06:58:48.885000+00:00,9.0,9.0,65.0,,9.0,,11.0,5.952999999999999,11.0,cresh15,3.0,1.2969640025873357,103.77037915905744,0.0,OPEN_EXHIBITION_SPACE_2,488.0,82.4395,173.0,62.0,27.3889,50.0,POINT (39063.88231494007 19611.55210872297),39.063882314940074,19.61155210872297
308,2019-10-18 06:58:13.318000+00:00,9.0,10.0,79.0,,10.0,,10.0,1.9040000000000001,10.0,cresh10,3.0,1.296981419206045,103.77036506386857,-1.0,OPEN_EXHIBITION_SPACE_2,500.0,82.1073,177.0,68.0,27.2573,50.0,POINT (36418.79872809622 20622.30000793438),36.41879872809622,20.62230000793438
309,2019-10-18 07:44:34.743000+00:00,9.0,9.0,105.0,,9.0,,11.0,6.5329999999999995,11.0,cresh15,3.0,1.2969407885826882,103.77034596144102,0.0,OPEN_EXHIBITION_SPACE_2,508.0,83.5831,192.0,65.0,27.7017,50.0,POINT (36082.51872341974 16453.30035238759),36.08251872341974,16.45330035238759
310,2019-10-18 06:46:45.660000+00:00,9.0,10.0,82.0,,9.0,,11.0,5.412999999999999,10.0,cresh10,3.0,1.2968835281797513,103.77032966886958,1.0,CAFE,,,,,,,POINT (36938.94728740562 10948.23735335133),36.938947287405625,10.94823735335133
311,2019-10-21 05:02:01.264000+00:00,9.0,,98.0,,9.0,,10.0,12.024000000000001,10.0,cresh16,3.0,1.2968804900765678,103.77038512595956,1.0,CAFE,-99.0,73.2294,70.0,71.0,28.3087,-99.0,POINT (44034.14389745389 12618.3045074631),44.03414389745389,12.618304507463101
312,2019-10-21 05:02:16.604000+00:00,9.0,10.0,100.0,,9.0,,11.0,7.925,10.0,cresh18,3.0,1.2969092059022542,103.77037404560986,1.0,CAFE,-99.0,73.2294,70.0,71.0,28.3087,-99.0,POINT (41195.0049356219 14708.39375163886),41.1950049356219,14.708393751638859
313,2019-10-18 06:10:57.435000+00:00,9.0,9.0,78.0,,9.0,,11.0,22.851,11.0,cresh15,3.0,1.2969405873390811,103.77037463638224,0.0,OPEN_EXHIBITION_SPACE_2,524.0,86.7851,181.0,67.0,27.7017,50.0,POINT (39681.93323449687 17434.93694916115),39.681933234496874,17.434936949161152
314,2019-09-30 04:48:46.900000+00:00,9.0,9.0,78.0,,10.0,,10.0,7.7410000000000005,9.0,cresh35,3.0,1.2968250976836393,103.77033233642578,0.0,OPEN_EXHIBITION_SPACE_2,558.0,96.7441,27.0,69.0,24.1869,50.0,POINT (40227.7854466172 6002.820205868418),40.2277854466172,6.002820205868418
315,2019-10-15 06:39:10.765000+00:00,9.0,10.0,82.0,1.2967933333,10.0,103.7701616667,10.0,3.6519999999999997,10.0,cresh08,3.0,1.2968550723156191,103.77019984368886,-1.0,OPEN_EXHIBITION_SPACE_2,460.0,69.9925,246.0,70.0,30.4762,50.0,POINT (22127.81957137137 3971.639010646619),22.12781957137137,3.9716390106466193
316,2019-10-18 06:43:41.509000+00:00,9.0,10.0,96.0,1.2966516667,11.0,103.7702233333,11.0,6.809,10.0,cresh10,3.0,1.296824960093761,103.77027326077885,-1.0,OPEN_EXHIBITION_SPACE_2,494.0,79.60600000000002,165.0,64.0,27.5521,50.0,POINT (32840.2555124692 3932.854295183399),32.8402555124692,3.932854295183399
317,2019-10-18 06:43:27.990000+00:00,9.0,9.0,68.0,,9.0,,11.0,32.663000000000004,11.0,cresh15,3.0,1.296947187039482,103.77038400277796,0.0,OPEN_EXHIBITION_SPACE_2,494.0,79.60600000000002,165.0,64.0,27.5521,50.0,POINT (40520.56398030167 18330.32692925912),40.52056398030167,18.330326929259122
318,2019-10-15 06:17:02.903000+00:00,9.0,10.0,83.0,,10.0,,10.0,4.43,10.0,cresh08,3.0,1.2968369652742,103.77024492569763,-1.0,OPEN_EXHIBITION_SPACE_2,478.0,71.0571,234.0,70.0,30.0466,50.0,POINT (28686.43381949131 3980.888908856687),28.68643381949131,3.980888908856687
319,2019-11-01 04:11:19.720000+00:00,10.0,10.0,71.0,,10.0,,10.0,2.77,10.0,cresh22,3.0,1.2968770987055722,103.77035255369402,1.0,CAFE,-99.0,74.7672,190.0,64.0,27.9541,-99.0,POINT (40128.58731410199 11191.10699048035),40.12858731410199,11.19110699048035
320,2019-10-15 06:26:15.509000+00:00,9.0,10.0,85.0,1.29662,10.0,103.7701,11.0,5.348,10.0,cresh08,3.0,1.2968603167249262,103.77020381372692,-1.0,OPEN_EXHIBITION_SPACE_2,464.0,69.6203,238.0,70.0,30.5383,50.0,POINT (22359.5288316923 4562.164279309811),22.359528831692298,4.562164279309811
321,2019-10-18 07:14:03.410000+00:00,9.0,9.0,69.0,,9.0,,11.0,5.0969999999999995,11.0,cresh15,3.0,1.2969276906710572,103.77035957919556,0.0,OPEN_EXHIBITION_SPACE_2,496.0,85.8934,194.0,64.0,27.3437,50.0,POINT (38449.43675979017 15798.31329755661),38.449436759790174,15.798313297556609
322,2019-10-15 06:01:24.364000+00:00,9.0,10.0,86.0,,10.0,,11.0,8.047,10.0,cresh08,3.0,1.2969200560715168,103.77036603187284,1.0,CAFE,-99.0,67.2753,88.0,68.0,28.9845,-99.0,POINT (39643.21334520364 15364.79733393478),39.64321334520364,15.364797333934781
323,2019-11-05 01:08:47.355000+00:00,9.0,,113.0,1.2969116667,10.0,103.7704016667,10.0,361.785,10.0,cresh30,3.0,1.2969306541058785,103.7704061505145,0.0,OPEN_EXHIBITION_SPACE_2,676.0,79.3384,109.0,68.0,29.9107,50.0,POINT (44128.89388648677 17676.31549932402),44.128893886486765,17.67631549932402
324,2019-10-21 04:50:49.601000+00:00,9.0,10.0,89.0,,10.0,,10.0,9.933,10.0,cresh16,3.0,1.2969205250013522,103.7703953727182,0.0,OPEN_EXHIBITION_SPACE_2,488.0,82.4833,88.0,66.0,28.2776,50.0,POINT (43292.08702004292 16427.42075584079),43.29208702004292,16.427420755840792
325,2019-10-15 05:33:56.667000+00:00,9.0,10.0,64.0,,9.0,,11.0,7.47,11.0,cresh12,3.0,1.2969833616634354,103.77035255369402,-1.0,OPEN_EXHIBITION_SPACE_2,490.0,74.7591,213.0,69.0,29.8518,50.0,POINT (34754.66868615862 20353.95978532256),34.754668686158624,20.353959785322562
326,2019-10-28 07:35:26.002000+00:00,10.0,9.0,72.0,,9.0,,10.0,10.037,11.0,cresh02,3.0,1.2968137931136536,103.77029864097872,-1.0,OPEN_EXHIBITION_SPACE_2,540.0,77.612,125.0,62.0,29.8244,50.0,POINT (36581.8258622245 3854.152724768834),36.5818258622245,3.8541527247688343
327,2019-10-15 05:38:26.398000+00:00,9.0,,72.0,,10.0,,10.0,1558.6670000000001,10.0,cresh08,3.0,1.2968386631676216,103.77032784369949,0.0,OPEN_EXHIBITION_SPACE_2,494.0,73.4854,202.0,69.0,29.8518,50.0,POINT (38979.39953861327 7016.026639706037),38.979399538613265,7.016026639706037
328,2019-10-15 05:40:12.801000+00:00,9.0,10.0,78.0,,10.0,,10.0,9.97,11.0,cresh08,3.0,1.2968386631676216,103.77032784369949,0.0,OPEN_EXHIBITION_SPACE_2,504.0,75.51100000000002,202.0,69.0,29.7791,50.0,POINT (38979.39953861327 7016.026639706037),38.979399538613265,7.016026639706037
329,2019-10-18 07:29:21.278000+00:00,9.0,,60.0,,9.0,,11.0,614.337,11.0,cresh15,3.0,1.2969535456521828,103.77035367687559,0.0,OPEN_EXHIBITION_SPACE_2,516.0,86.6331,239.0,66.0,27.4932,50.0,POINT (36403.10916513111 17822.11169424906),36.403109165131106,17.82211169424906
330,2019-10-28 07:19:09.472000+00:00,10.0,,110.0,1.2968733333,10.0,103.7704016667,10.0,1105.688,11.0,cresh02,3.0,1.2968183149416477,103.77028965552616,-1.0,OPEN_EXHIBITION_SPACE_2,518.0,79.7265,244.0,62.0,30.3582,50.0,POINT (35228.44099009885 3931.022445121169),35.228440990098846,3.931022445121169
331,2019-10-18 07:28:55.412000+00:00,10.0,10.0,91.0,,10.0,,10.0,0.95,10.0,cresh26,3.0,1.296896775670724,103.77037263056455,1.0,CAFE,,,,,,,POINT (41646.50427211095 13587.26059019892),41.64650427211095,13.587260590198921
332,2019-10-09 10:54:55.268000+00:00,9.0,10.0,76.0,,9.0,,10.0,5.945,10.0,cresh12,3.0,1.2969223169855142,103.77035929278343,1.0,CAFE,,,,,,,POINT (38685.34403953068 15324.97246721008),38.68534403953068,15.32497246721008
333,2019-10-23 07:57:57.148000+00:00,9.0,,94.0,,10.0,,10.0,3413.119,10.0,cresh26,3.0,1.2968933074750226,103.77030355889559,0.0,OPEN_EXHIBITION_SPACE_2,460.0,79.9844,75.0,64.0,28.7525,50.0,POINT (33176.20908780971 10881.85732693239),33.17620908780971,10.881857326932389
334,2019-10-16 03:59:06.140000+00:00,10.0,9.0,90.0,,10.0,,11.0,3.938,11.0,cresh06,3.0,1.2968183149416477,103.77033233642578,0.0,OPEN_EXHIBITION_SPACE_2,524.0,77.7726,142.0,65.0,29.4643,50.0,POINT (40570.80152926956 5417.957261486643),40.570801529269566,5.4179572614866425
335,2019-10-15 05:50:04.203000+00:00,9.0,9.0,68.0,,10.0,,11.0,8.586,11.0,cresh12,3.0,1.2969811007494385,103.77040197368306,-1.0,OPEN_EXHIBITION_SPACE_2,484.0,74.8674,197.0,66.0,29.8665,50.0,POINT (41054.8985309798 21880.71946845103),41.0548985309798,21.88071946845103
336,2019-10-15 05:51:38.740000+00:00,9.0,10.0,91.0,,10.0,,10.0,3.93,10.0,cresh08,3.0,1.2969200560715168,103.77036434710053,1.0,CAFE,-99.0,66.5783,90.0,66.0,28.971,-99.0,POINT (39432.33069545448 15306.10253941833),39.43233069545448,15.306102539418331
337,2019-10-09 11:40:11.440000+00:00,9.0,10.0,75.0,,10.0,,10.0,5.9,11.0,cresh12,3.0,1.2969002730740424,103.77024444746799,0.0,OPEN_EXHIBITION_SPACE_2,548.0,76.8979,99.0,72.0,28.0418,50.0,POINT (25424.97880489626 9423.139346186577),25.42497880489626,9.423139346186577
338,2019-10-15 06:48:22.416000+00:00,9.0,10.0,76.0,1.2966633333,10.0,103.77014,11.0,4.46,11.0,cresh08,3.0,1.2968472935984523,103.77024056623371,-1.0,OPEN_EXHIBITION_SPACE_2,460.0,69.9366,248.0,69.0,30.7741,50.0,POINT (27618.43762700286 4719.603864884026),27.61843762700286,4.719603864884026
339,2019-10-23 06:31:42.464000+00:00,9.0,9.0,116.0,,10.0,,10.0,5.702999999999999,11.0,cresh25,3.0,1.2968929251035521,103.77034581460458,1.0,CAFE,-99.0,77.3851,145.0,63.0,28.3222,-99.0,POINT (38484.68583960047 12321.0080114716),38.484685839600466,12.3210080114716
340,2019-10-18 06:26:57.724000+00:00,9.0,9.0,72.0,,9.0,,11.0,5.46,11.0,cresh15,3.0,1.2969607525234643,103.77035480005716,0.0,OPEN_EXHIBITION_SPACE_2,504.0,83.6305,143.0,68.0,27.4342,50.0,POINT (36179.23249876716 18482.6763646434),36.17923249876716,18.4826763646434
