id, x, y, space
0,123.246849060,47.2758102417,CAFE
1,121.592880249,49.4392509460,CAFE
2,122.885040283,52.0752029419,CAFE
3,125.469390869,53.3895874023,CAFE
4,127.588554382,51.7034416199,CAFE
5,127.536865234,47.3285751343,CAFE
6,127.536865234,41.9463577271,CAFE
7,122.419860840,41.5901794434,CAFE
8,121.592880249,45.0068359375,CAFE
9,127.536865234,36.5641403198,CAFE
10,122.419860840,36.9203186035,CAFE
11,127.536865234,31.1819229126,CAFE
12,123.246849060,31.2346916199,CAFE
13,121.592880249,33.5036659241,CAFE
14,126.639884949,25.9580078125,CAFE
15,122.882652283,26.4329071045,CAFE
16,121.592880249,29.0712490082,CAFE
17,129.811096191,53.3848037720,CAFE
18,132.395431519,51.7010459900,CAFE
19,132.808929443,47.3285751343,CAFE
20,132.808929443,41.9463577271,CAFE
21,132.808929443,36.5641403198,CAFE
22,132.808929443,31.1819229126,CAFE
23,133.145248413,25.9580059052,CAFE
24,129.799133301,25.1137371063,CAFE
25,134.152801514,53.3800163269,CAFE
26,136.737136841,53.3752365112,CAFE
27,138.494476318,51.6962585449,CAFE
28,138.080978394,47.3285751343,CAFE
29,138.080978394,41.9463577271,CAFE
30,138.080978394,36.5641403198,CAFE
31,138.080978394,31.1819229126,CAFE
32,137.715957642,25.9580078125,CAFE
33,141.078826904,53.3704490662,CAFE
34,143.301361084,51.6938705444,CAFE
35,143.353042603,47.3285751343,CAFE
36,143.353042603,41.9463577271,CAFE
37,143.353042603,36.5641403198,CAFE
38,143.353042603,31.1819229126,CAFE
39,144.221328735,25.9580078125,CAFE
40,141.052520752,25.1137371063,CAFE
41,145.420532227,53.3656616211,CAFE
42,148.002487183,52.0440979004,CAFE
43,149.289855957,49.4081497192,CAFE
44,147.638275146,47.2614555359,CAFE
45,149.285079956,44.9805221558,CAFE
46,147.635894775,42.3565330505,CAFE
47,149.280303955,40.5528869629,CAFE
48,149.275512695,37.9193344116,CAFE
49,147.631103516,36.1348304749,CAFE
50,149.270736694,33.4917068481,CAFE
51,147.628707886,31.2299041748,CAFE
52,149.265945435,29.0640716553,CAFE
53,147.971374512,26.4305171967,CAFE
55,121.228668213,24.7443695068,CAFE
65,121.231063843,53.7637405396,CAFE
66,149.606231689,24.7419776917,CAFE
76,164.363983154,46.9149398804,ENERGY_LAB_1
77,162.625244141,49.0328178406,ENERGY_LAB_1
78,162.625244141,51.7176284790,ENERGY_LAB_1
79,164.363983154,55.3564720154,ENERGY_LAB_1
80,167.416442871,55.8602104187,ENERGY_LAB_1
81,168.733581543,52.8939208984,ENERGY_LAB_1
82,169.267257690,50.8488082886,ENERGY_LAB_1
83,168.873809814,47.0989151001,ENERGY_LAB_1
84,168.873809814,41.3421936035,ENERGY_LAB_1
85,163.494613647,40.9241714478,ENERGY_LAB_1
86,162.625244141,44.4291000366,ENERGY_LAB_1
87,168.873809814,35.5854721069,ENERGY_LAB_1
88,163.494613647,36.0321998596,ENERGY_LAB_1
89,168.873809814,29.8287448883,ENERGY_LAB_1
90,164.363983154,30.0318660736,ENERGY_LAB_1
91,162.625244141,32.5368423462,ENERGY_LAB_1
92,168.873809814,24.0720214844,ENERGY_LAB_1
93,163.494613647,24.2346458435,ENERGY_LAB_1
94,162.625244141,27.9331245422,ENERGY_LAB_1
95,168.873809814,18.3152961731,ENERGY_LAB_1
96,164.363983154,18.3290138245,ENERGY_LAB_1
97,162.625244141,20.6445903778,ENERGY_LAB_1
98,168.928146362,13.7205085754,ENERGY_LAB_1
99,166.700408936,12.0064754486,ENERGY_LAB_1
100,163.983627319,13.3536663055,ENERGY_LAB_1
101,162.625244141,16.0408706665,ENERGY_LAB_1
102,171.884887695,51.7203330994,ENERGY_LAB_1
103,174.262542725,50.8488082886,ENERGY_LAB_1
104,174.415985107,47.0989151001,ENERGY_LAB_1
105,174.415985107,41.3421936035,ENERGY_LAB_1
106,174.415985107,35.5854721069,ENERGY_LAB_1
107,174.415985107,29.8287448883,ENERGY_LAB_1
108,174.415985107,24.0720214844,ENERGY_LAB_1
109,174.415985107,18.3152961731,ENERGY_LAB_1
110,173.981307983,13.7181158066,ENERGY_LAB_1
111,171.264556885,12.0016899109,ENERGY_LAB_1
112,176.333282471,51.7203369141,ENERGY_LAB_1
113,178.934265137,51.7203369141,ENERGY_LAB_1
114,180.558319092,50.8488082886,ENERGY_LAB_1
115,179.958175659,47.0989151001,ENERGY_LAB_1
116,179.958175659,41.3421936035,ENERGY_LAB_1
117,179.958175659,35.5854721069,ENERGY_LAB_1
118,179.958175659,29.8287448883,ENERGY_LAB_1
119,179.958175659,24.0720214844,ENERGY_LAB_1
120,179.958175659,18.3152961731,ENERGY_LAB_1
121,180.392868042,13.7133321762,ENERGY_LAB_1
122,178.545471191,11.9921207428,ENERGY_LAB_1
123,175.828704834,11.9969053268,ENERGY_LAB_1
124,183.382659912,51.7203369141,ENERGY_LAB_1
125,185.553619385,50.8488082886,ENERGY_LAB_1
126,185.500366211,47.0989151001,ENERGY_LAB_1
127,185.500366211,41.3421936035,ENERGY_LAB_1
128,185.500366211,35.5854721069,ENERGY_LAB_1
129,185.500366211,29.8287448883,ENERGY_LAB_1
130,185.500366211,24.0720214844,ENERGY_LAB_1
131,185.500366211,18.3152961731,ENERGY_LAB_1
132,185.446044922,13.7109394073,ENERGY_LAB_1
133,183.109619141,11.9873371124,ENERGY_LAB_1
134,187.831039429,51.7203369141,ENERGY_LAB_1
135,190.432846069,50.3087615967,ENERGY_LAB_1
136,190.002807617,47.5183258057,ENERGY_LAB_1
137,191.734985352,45.5667037964,ENERGY_LAB_1
138,191.736618042,42.7435531616,ENERGY_LAB_1
139,190.004455566,40.8573570251,ENERGY_LAB_1
140,191.738265991,38.0014915466,ENERGY_LAB_1
141,190.005279541,35.6079673767,ENERGY_LAB_1
142,191.739913940,33.2594337463,ENERGY_LAB_1
143,190.006103516,30.3585739136,ENERGY_LAB_1
144,191.741546631,28.5173721313,ENERGY_LAB_1
145,191.743194580,25.6942214966,ENERGY_LAB_1
146,190.007736206,23.6976070404,ENERGY_LAB_1
147,191.744842529,20.9521617889,ENERGY_LAB_1
148,190.008575439,18.4482154846,ENERGY_LAB_1
149,191.746459961,16.2101020813,ENERGY_LAB_1
150,190.389739990,13.3893432617,ENERGY_LAB_1
151,187.673797607,11.9825515747,ENERGY_LAB_1
152,165.667465210,64.9495544434,ENERGY_LAB_1
153,167.699005127,63.7741470337,ENERGY_LAB_1
154,168.719909668,61.4260673523,ENERGY_LAB_1
155,168.726745605,59.0789031982,ENERGY_LAB_1
156,162.625244141,58.2402572632,ENERGY_LAB_1
157,162.625244141,60.9250717163,ENERGY_LAB_1
158,163.639328003,63.6089706421,ENERGY_LAB_1
54,117.623321533,25.2513084412,OPEN_EXHIBITION_SPACE_2
56,121.645751953,21.1275501251,OPEN_EXHIBITION_SPACE_2
57,118.812271118,20.7335491180,OPEN_EXHIBITION_SPACE_2
58,117.623321533,30.0855331421,OPEN_EXHIBITION_SPACE_2
59,118.395187378,33.4343414307,OPEN_EXHIBITION_SPACE_2
60,117.623321533,36.8985137939,OPEN_EXHIBITION_SPACE_2
61,117.623321533,41.7327423096,OPEN_EXHIBITION_SPACE_2
62,118.395187378,45.1566581726,OPEN_EXHIBITION_SPACE_2
63,117.623321533,48.5457229614,OPEN_EXHIBITION_SPACE_2
64,117.623321533,53.3799476624,OPEN_EXHIBITION_SPACE_2
67,149.506698608,21.1275501251,OPEN_EXHIBITION_SPACE_2
68,147.448730469,18.8299026489,OPEN_EXHIBITION_SPACE_2
69,144.966339111,21.1275501251,OPEN_EXHIBITION_SPACE_2
70,141.499420166,19.9787254333,OPEN_EXHIBITION_SPACE_2
71,136.623535156,19.9787254333,OPEN_EXHIBITION_SPACE_2
72,133.306045532,21.1275501251,OPEN_EXHIBITION_SPACE_2
73,130.726486206,21.1275501251,OPEN_EXHIBITION_SPACE_2
74,127.274230957,18.8299026489,OPEN_EXHIBITION_SPACE_2
75,124.225326538,21.1275501251,OPEN_EXHIBITION_SPACE_2
159,49.4629440308,47.9886589050,OPEN_EXHIBITION_SPACE_2
160,51.5817337036,48.8942337036,OPEN_EXHIBITION_SPACE_2
161,53.5425338745,46.9905853271,OPEN_EXHIBITION_SPACE_2
162,53.2174453735,43.6691131592,OPEN_EXHIBITION_SPACE_2
163,50.7161254883,42.9405021667,OPEN_EXHIBITION_SPACE_2
164,48.3244857788,44.3189353943,OPEN_EXHIBITION_SPACE_2
165,47.7266044617,46.0456161499,OPEN_EXHIBITION_SPACE_2
166,48.9224967957,50.0241928101,OPEN_EXHIBITION_SPACE_2
167,50.2650833130,52.0300064087,OPEN_EXHIBITION_SPACE_2
168,51.2957267761,52.8499412537,OPEN_EXHIBITION_SPACE_2
169,52.0719375610,51.7497024536,OPEN_EXHIBITION_SPACE_2
170,59.4249343872,13.6767864227,OPEN_EXHIBITION_SPACE_2
171,53.5425338745,13.6767864227,OPEN_EXHIBITION_SPACE_2
172,53.0725364685,18.1419124603,OPEN_EXHIBITION_SPACE_2
173,55.0333366394,20.0455589294,OPEN_EXHIBITION_SPACE_2
174,59.4249343872,19.3877239227,OPEN_EXHIBITION_SPACE_2
175,53.6119194031,22.9533615112,OPEN_EXHIBITION_SPACE_2
176,55.0623168945,25.1509990692,OPEN_EXHIBITION_SPACE_2
177,59.4249343872,25.0986614227,OPEN_EXHIBITION_SPACE_2
178,53.6698837280,27.4533061981,OPEN_EXHIBITION_SPACE_2
179,55.0913009644,30.2564373016,OPEN_EXHIBITION_SPACE_2
180,59.4249343872,30.8095970154,OPEN_EXHIBITION_SPACE_2
181,53.7278442383,31.9532470703,OPEN_EXHIBITION_SPACE_2
182,53.7858085632,34.5495452881,OPEN_EXHIBITION_SPACE_2
183,55.1492614746,36.6600265503,OPEN_EXHIBITION_SPACE_2
184,59.4249343872,36.5205345154,OPEN_EXHIBITION_SPACE_2
185,53.8437728882,39.0494918823,OPEN_EXHIBITION_SPACE_2
186,55.1782455444,41.7654685974,OPEN_EXHIBITION_SPACE_2
187,59.4249343872,42.2314720154,OPEN_EXHIBITION_SPACE_2
188,59.4249343872,47.9424095154,OPEN_EXHIBITION_SPACE_2
189,55.5033378601,48.8942337036,OPEN_EXHIBITION_SPACE_2
190,55.0131378174,52.2256126404,OPEN_EXHIBITION_SPACE_2
191,58.4445343018,51.7497024536,OPEN_EXHIBITION_SPACE_2
192,55.0131378174,57.9365501404,OPEN_EXHIBITION_SPACE_2
193,58.4445343018,57.4606399536,OPEN_EXHIBITION_SPACE_2
194,58.4445343018,55.5569915771,OPEN_EXHIBITION_SPACE_2
195,55.5033378601,55.0810813904,OPEN_EXHIBITION_SPACE_2
196,54.5229339600,56.0329055786,OPEN_EXHIBITION_SPACE_2
197,55.5033378601,64.1234054565,OPEN_EXHIBITION_SPACE_2
198,59.4249343872,65.0752258301,OPEN_EXHIBITION_SPACE_2
199,58.4445343018,61.2679290771,OPEN_EXHIBITION_SPACE_2
200,55.0131378174,60.7920188904,OPEN_EXHIBITION_SPACE_2
201,53.7467269897,65.6057052612,OPEN_EXHIBITION_SPACE_2
202,52.7663269043,67.5093536377,OPEN_EXHIBITION_SPACE_2
203,53.5425338745,70.7861633301,OPEN_EXHIBITION_SPACE_2
204,59.4249343872,70.7861633301,OPEN_EXHIBITION_SPACE_2
205,65.3073348999,19.3877239227,OPEN_EXHIBITION_SPACE_2
206,65.3073348999,13.6767864227,OPEN_EXHIBITION_SPACE_2
207,65.3073348999,25.0986614227,OPEN_EXHIBITION_SPACE_2
208,65.3073348999,30.8095970154,OPEN_EXHIBITION_SPACE_2
209,65.3073348999,36.5205345154,OPEN_EXHIBITION_SPACE_2
210,65.3073348999,42.2314720154,OPEN_EXHIBITION_SPACE_2
211,65.3073348999,47.9424095154,OPEN_EXHIBITION_SPACE_2
212,60.4053344727,53.6533470154,OPEN_EXHIBITION_SPACE_2
213,65.3073348999,53.6533470154,OPEN_EXHIBITION_SPACE_2
214,60.4053344727,59.3642845154,OPEN_EXHIBITION_SPACE_2
215,65.3073348999,59.3642845154,OPEN_EXHIBITION_SPACE_2
216,65.3073348999,65.0752258301,OPEN_EXHIBITION_SPACE_2
217,63.3249740601,71.7476959229,OPEN_EXHIBITION_SPACE_2
218,65.2857742310,69.8440475464,OPEN_EXHIBITION_SPACE_2
219,71.1897354126,19.3877239227,OPEN_EXHIBITION_SPACE_2
220,71.1897354126,13.6767864227,OPEN_EXHIBITION_SPACE_2
221,71.1897354126,25.0986614227,OPEN_EXHIBITION_SPACE_2
222,71.1897354126,30.8095970154,OPEN_EXHIBITION_SPACE_2
223,71.1897354126,36.5205345154,OPEN_EXHIBITION_SPACE_2
224,71.1897354126,42.2314720154,OPEN_EXHIBITION_SPACE_2
225,71.1897354126,47.9424095154,OPEN_EXHIBITION_SPACE_2
226,71.1897354126,53.6533470154,OPEN_EXHIBITION_SPACE_2
227,71.1897354126,59.3642845154,OPEN_EXHIBITION_SPACE_2
228,71.1897354126,65.0752258301,OPEN_EXHIBITION_SPACE_2
229,67.6301727295,71.7491760254,OPEN_EXHIBITION_SPACE_2
230,70.5929412842,69.8358306885,OPEN_EXHIBITION_SPACE_2
231,77.0721359253,19.3877239227,OPEN_EXHIBITION_SPACE_2
232,77.0721359253,13.6767864227,OPEN_EXHIBITION_SPACE_2
233,77.0721359253,25.0986614227,OPEN_EXHIBITION_SPACE_2
234,77.0721359253,30.8095970154,OPEN_EXHIBITION_SPACE_2
235,77.0721359253,36.5205345154,OPEN_EXHIBITION_SPACE_2
236,77.0721359253,42.2314720154,OPEN_EXHIBITION_SPACE_2
237,77.0721359253,47.9424095154,OPEN_EXHIBITION_SPACE_2
238,77.0721359253,53.6533470154,OPEN_EXHIBITION_SPACE_2
239,77.0721359253,59.3642845154,OPEN_EXHIBITION_SPACE_2
240,77.0721359253,65.0752258301,OPEN_EXHIBITION_SPACE_2
241,72.3620986938,71.7327346802,OPEN_EXHIBITION_SPACE_2
242,73.8434753418,74.6475982666,OPEN_EXHIBITION_SPACE_2
243,76.0917358398,73.6416320801,OPEN_EXHIBITION_SPACE_2
244,78.0525360107,69.8343429565,OPEN_EXHIBITION_SPACE_2
245,82.9545364380,19.3877239227,OPEN_EXHIBITION_SPACE_2
246,82.9545364380,13.6767864227,OPEN_EXHIBITION_SPACE_2
247,82.9545364380,25.0986614227,OPEN_EXHIBITION_SPACE_2
248,82.9545364380,30.8095970154,OPEN_EXHIBITION_SPACE_2
249,82.9545364380,36.5205345154,OPEN_EXHIBITION_SPACE_2
250,82.9545364380,42.2314720154,OPEN_EXHIBITION_SPACE_2
251,82.9545364380,47.9424095154,OPEN_EXHIBITION_SPACE_2
252,82.9545364380,53.6533470154,OPEN_EXHIBITION_SPACE_2
253,82.9545364380,59.3642845154,OPEN_EXHIBITION_SPACE_2
254,82.9545364380,65.0752258301,OPEN_EXHIBITION_SPACE_2
255,82.9545364380,70.7861633301,OPEN_EXHIBITION_SPACE_2
256,78.0525360107,77.4489288330,OPEN_EXHIBITION_SPACE_2
257,82.9545364380,76.4971008301,OPEN_EXHIBITION_SPACE_2
258,77.0721359253,82.2080383301,OPEN_EXHIBITION_SPACE_2
259,82.9545364380,82.2080383301,OPEN_EXHIBITION_SPACE_2
260,77.3289108276,86.6685409546,OPEN_EXHIBITION_SPACE_2
261,79.9948959351,88.2735824585,OPEN_EXHIBITION_SPACE_2
262,83.6133270264,87.4710540771,OPEN_EXHIBITION_SPACE_2
263,88.8369445801,19.3877239227,OPEN_EXHIBITION_SPACE_2
264,88.8369445801,13.6767864227,OPEN_EXHIBITION_SPACE_2
265,88.8369445801,25.0986614227,OPEN_EXHIBITION_SPACE_2
266,88.8369445801,30.8095970154,OPEN_EXHIBITION_SPACE_2
267,88.8369445801,36.5205345154,OPEN_EXHIBITION_SPACE_2
268,88.8369445801,42.2314720154,OPEN_EXHIBITION_SPACE_2
269,88.8369445801,47.9424095154,OPEN_EXHIBITION_SPACE_2
270,88.8369445801,53.6533470154,OPEN_EXHIBITION_SPACE_2
271,88.8369445801,59.3642845154,OPEN_EXHIBITION_SPACE_2
272,88.8369445801,65.0752258301,OPEN_EXHIBITION_SPACE_2
273,88.8369445801,70.7861633301,OPEN_EXHIBITION_SPACE_2
274,88.8369445801,76.4971008301,OPEN_EXHIBITION_SPACE_2
275,88.8369445801,82.2080383301,OPEN_EXHIBITION_SPACE_2
276,87.6709442139,88.2735748291,OPEN_EXHIBITION_SPACE_2
277,89.4585571289,86.6685409546,OPEN_EXHIBITION_SPACE_2
278,94.7193450928,19.3877239227,OPEN_EXHIBITION_SPACE_2
279,94.7193450928,13.6767864227,OPEN_EXHIBITION_SPACE_2
280,94.7193450928,25.0986614227,OPEN_EXHIBITION_SPACE_2
281,94.7193450928,30.8095970154,OPEN_EXHIBITION_SPACE_2
282,94.7193450928,36.5205345154,OPEN_EXHIBITION_SPACE_2
283,94.7193450928,42.2314720154,OPEN_EXHIBITION_SPACE_2
284,94.7193450928,47.9424095154,OPEN_EXHIBITION_SPACE_2
285,94.7193450928,53.6533470154,OPEN_EXHIBITION_SPACE_2
286,94.7193450928,59.3642845154,OPEN_EXHIBITION_SPACE_2
287,94.7193450928,65.0752258301,OPEN_EXHIBITION_SPACE_2
288,94.7193450928,70.7861633301,OPEN_EXHIBITION_SPACE_2
289,94.7193450928,76.4971008301,OPEN_EXHIBITION_SPACE_2
290,94.7193450928,82.2080383301,OPEN_EXHIBITION_SPACE_2
291,92.4893722534,88.2735824585,OPEN_EXHIBITION_SPACE_2
292,94.8089599609,86.6685409546,OPEN_EXHIBITION_SPACE_2
293,100.601745605,19.3877239227,OPEN_EXHIBITION_SPACE_2
294,100.601745605,13.6767864227,OPEN_EXHIBITION_SPACE_2
295,100.601745605,25.0986614227,OPEN_EXHIBITION_SPACE_2
296,100.601745605,30.8095970154,OPEN_EXHIBITION_SPACE_2
297,100.601745605,36.5205345154,OPEN_EXHIBITION_SPACE_2
298,100.601745605,42.2314720154,OPEN_EXHIBITION_SPACE_2
299,100.601745605,47.9424095154,OPEN_EXHIBITION_SPACE_2
300,100.601745605,53.6533470154,OPEN_EXHIBITION_SPACE_2
301,100.601745605,59.3642845154,OPEN_EXHIBITION_SPACE_2
302,100.601745605,65.0752258301,OPEN_EXHIBITION_SPACE_2
303,100.601745605,70.7861633301,OPEN_EXHIBITION_SPACE_2
304,100.601745605,76.4971008301,OPEN_EXHIBITION_SPACE_2
305,100.601745605,82.2080383301,OPEN_EXHIBITION_SPACE_2
306,97.3078002930,88.2735748291,OPEN_EXHIBITION_SPACE_2
307,101.009803772,87.4710540771,OPEN_EXHIBITION_SPACE_2
308,106.484146118,19.3877239227,OPEN_EXHIBITION_SPACE_2
309,106.484146118,13.6767864227,OPEN_EXHIBITION_SPACE_2
310,106.484146118,25.0986614227,OPEN_EXHIBITION_SPACE_2
311,106.484146118,30.8095970154,OPEN_EXHIBITION_SPACE_2
312,106.484146118,36.5205345154,OPEN_EXHIBITION_SPACE_2
313,106.484146118,42.2314720154,OPEN_EXHIBITION_SPACE_2
314,106.484146118,47.9424095154,OPEN_EXHIBITION_SPACE_2
315,106.484146118,53.6533470154,OPEN_EXHIBITION_SPACE_2
316,106.484146118,59.3642845154,OPEN_EXHIBITION_SPACE_2
317,106.484146118,65.0752258301,OPEN_EXHIBITION_SPACE_2
318,106.484146118,70.7861633301,OPEN_EXHIBITION_SPACE_2
319,106.484146118,76.4971008301,OPEN_EXHIBITION_SPACE_2
320,106.484146118,82.2080383301,OPEN_EXHIBITION_SPACE_2
321,104.983848572,88.2735748291,OPEN_EXHIBITION_SPACE_2
322,106.938598633,86.6685409546,OPEN_EXHIBITION_SPACE_2
323,112.366546631,19.3877239227,OPEN_EXHIBITION_SPACE_2
324,112.366546631,13.6767864227,OPEN_EXHIBITION_SPACE_2
325,112.366546631,25.0986614227,OPEN_EXHIBITION_SPACE_2
326,112.366546631,30.8095970154,OPEN_EXHIBITION_SPACE_2
327,112.366546631,36.5205345154,OPEN_EXHIBITION_SPACE_2
328,112.366546631,42.2314720154,OPEN_EXHIBITION_SPACE_2
329,112.366546631,47.9424095154,OPEN_EXHIBITION_SPACE_2
330,112.366546631,53.6533470154,OPEN_EXHIBITION_SPACE_2
331,112.366546631,59.3642845154,OPEN_EXHIBITION_SPACE_2
332,112.366546631,65.0752258301,OPEN_EXHIBITION_SPACE_2
333,112.366546631,70.7861633301,OPEN_EXHIBITION_SPACE_2
334,112.366546631,76.4971008301,OPEN_EXHIBITION_SPACE_2
335,112.366546631,82.2080383301,OPEN_EXHIBITION_SPACE_2
336,109.802268982,88.2735748291,OPEN_EXHIBITION_SPACE_2
337,112.289024353,86.6685409546,OPEN_EXHIBITION_SPACE_2
338,117.268547058,18.4359016418,OPEN_EXHIBITION_SPACE_2
339,118.248947144,13.6767864227,OPEN_EXHIBITION_SPACE_2
340,117.268547058,60.3161087036,OPEN_EXHIBITION_SPACE_2
341,118.812255859,57.9379577637,OPEN_EXHIBITION_SPACE_2
342,118.248947144,65.0752258301,OPEN_EXHIBITION_SPACE_2
343,118.248947144,70.7861633301,OPEN_EXHIBITION_SPACE_2
344,118.248947144,76.4971008301,OPEN_EXHIBITION_SPACE_2
345,118.248947144,82.2080383301,OPEN_EXHIBITION_SPACE_2
346,114.620697021,88.2735824585,OPEN_EXHIBITION_SPACE_2
347,117.639427185,86.6685409546,OPEN_EXHIBITION_SPACE_2
348,127.072555542,14.6286087036,OPEN_EXHIBITION_SPACE_2
349,123.150955200,12.7249631882,OPEN_EXHIBITION_SPACE_2
350,124.131347656,65.0752258301,OPEN_EXHIBITION_SPACE_2
351,124.023643494,59.8416061401,OPEN_EXHIBITION_SPACE_2
352,121.645751953,57.4634513855,OPEN_EXHIBITION_SPACE_2
353,124.131347656,70.7861633301,OPEN_EXHIBITION_SPACE_2
354,124.131347656,76.4971008301,OPEN_EXHIBITION_SPACE_2
355,124.131347656,82.2080383301,OPEN_EXHIBITION_SPACE_2
356,119.439132690,88.2735748291,OPEN_EXHIBITION_SPACE_2
357,123.490707397,87.4710540771,OPEN_EXHIBITION_SPACE_2
358,130.013748169,65.0752258301,OPEN_EXHIBITION_SPACE_2
359,129.812988281,58.6525268555,OPEN_EXHIBITION_SPACE_2
360,126.186119080,57.4634513855,OPEN_EXHIBITION_SPACE_2
361,130.013748169,70.7861633301,OPEN_EXHIBITION_SPACE_2
362,130.013748169,76.4971008301,OPEN_EXHIBITION_SPACE_2
363,130.013748169,82.2080383301,OPEN_EXHIBITION_SPACE_2
364,127.115173340,88.2735748291,OPEN_EXHIBITION_SPACE_2
365,130.718338013,87.4710540771,OPEN_EXHIBITION_SPACE_2
366,135.896148682,65.0752258301,OPEN_EXHIBITION_SPACE_2
367,136.623535156,58.6525268555,OPEN_EXHIBITION_SPACE_2
368,133.306045532,57.4634513855,OPEN_EXHIBITION_SPACE_2
369,135.896148682,70.7861633301,OPEN_EXHIBITION_SPACE_2
370,135.896148682,76.4971008301,OPEN_EXHIBITION_SPACE_2
371,135.896148682,82.2080383301,OPEN_EXHIBITION_SPACE_2
372,134.791229248,88.2735824585,OPEN_EXHIBITION_SPACE_2
373,136.548309326,86.6685409546,OPEN_EXHIBITION_SPACE_2
374,141.778549194,65.0752258301,OPEN_EXHIBITION_SPACE_2
375,141.499420166,58.6525268555,OPEN_EXHIBITION_SPACE_2
376,141.778549194,70.7861633301,OPEN_EXHIBITION_SPACE_2
377,141.778549194,76.4971008301,OPEN_EXHIBITION_SPACE_2
378,141.778549194,82.2080383301,OPEN_EXHIBITION_SPACE_2
379,140.887176514,87.4710540771,OPEN_EXHIBITION_SPACE_2
380,147.660949707,65.0752258301,OPEN_EXHIBITION_SPACE_2
381,147.448730469,59.8416061401,OPEN_EXHIBITION_SPACE_2
382,144.966323853,57.4634513855,OPEN_EXHIBITION_SPACE_2
383,147.660949707,70.7861633301,OPEN_EXHIBITION_SPACE_2
384,147.660949707,76.4971008301,OPEN_EXHIBITION_SPACE_2
385,147.660949707,82.2080383301,OPEN_EXHIBITION_SPACE_2
386,144.428085327,88.2735824585,OPEN_EXHIBITION_SPACE_2
387,147.249130249,86.6685409546,OPEN_EXHIBITION_SPACE_2
388,154.093460083,2.70282816887,OPEN_EXHIBITION_SPACE_2
389,150.547302246,2.95748949051,OPEN_EXHIBITION_SPACE_2
390,149.172729492,5.07184648514,OPEN_EXHIBITION_SPACE_2
391,149.530090332,8.09498214722,OPEN_EXHIBITION_SPACE_2
392,153.543365479,7.96584892273,OPEN_EXHIBITION_SPACE_2
393,146.961914063,10.3156003952,OPEN_EXHIBITION_SPACE_2
394,147.660949707,13.6767864227,OPEN_EXHIBITION_SPACE_2
395,153.543365479,13.6767864227,OPEN_EXHIBITION_SPACE_2
396,152.660125732,20.7335491180,OPEN_EXHIBITION_SPACE_2
397,154.523773193,18.4359016418,OPEN_EXHIBITION_SPACE_2
398,153.543365479,65.0752258301,OPEN_EXHIBITION_SPACE_2
399,154.523773193,60.3161087036,OPEN_EXHIBITION_SPACE_2
400,152.660125732,57.9379577637,OPEN_EXHIBITION_SPACE_2
401,149.506698608,57.4634513855,OPEN_EXHIBITION_SPACE_2
402,153.543365479,70.7861633301,OPEN_EXHIBITION_SPACE_2
403,153.543365479,76.4971008301,OPEN_EXHIBITION_SPACE_2
404,152.562973022,82.2080383301,OPEN_EXHIBITION_SPACE_2
405,154.523773193,80.3043975830,OPEN_EXHIBITION_SPACE_2
406,149.246505737,88.2735824585,OPEN_EXHIBITION_SPACE_2
407,153.199249268,87.4710540771,OPEN_EXHIBITION_SPACE_2
408,154.523773193,84.1116867065,OPEN_EXHIBITION_SPACE_2
409,157.935150146,8.17514991760,OPEN_EXHIBITION_SPACE_2
410,159.384521484,6.04954814911,OPEN_EXHIBITION_SPACE_2
411,158.007568359,3.28338980675,OPEN_EXHIBITION_SPACE_2
412,157.936340332,13.3655195236,OPEN_EXHIBITION_SPACE_2
413,159.386901855,10.7193517685,OPEN_EXHIBITION_SPACE_2
414,157.938720703,19.9389705658,OPEN_EXHIBITION_SPACE_2
415,159.391693115,18.1553134918,OPEN_EXHIBITION_SPACE_2
416,159.389312744,15.3891553879,OPEN_EXHIBITION_SPACE_2
417,152.757263184,24.3503684998,OPEN_EXHIBITION_SPACE_2
418,154.620910645,27.7636566162,OPEN_EXHIBITION_SPACE_2
419,157.941131592,28.4160671234,OPEN_EXHIBITION_SPACE_2
420,159.396484375,25.5912761688,OPEN_EXHIBITION_SPACE_2
421,159.394088745,22.8251171112,OPEN_EXHIBITION_SPACE_2
422,157.949493408,59.0377197266,OPEN_EXHIBITION_SPACE_2
423,159.413238525,56.3762588501,OPEN_EXHIBITION_SPACE_2
424,157.948303223,53.8473510742,OPEN_EXHIBITION_SPACE_2
425,153.689086914,53.3799476624,OPEN_EXHIBITION_SPACE_2
426,157.951889038,65.6111755371,OPEN_EXHIBITION_SPACE_2
427,159.418014526,63.8122177124,OPEN_EXHIBITION_SPACE_2
428,159.415618896,61.0460624695,OPEN_EXHIBITION_SPACE_2
429,157.955108643,70.5748596191,OPEN_EXHIBITION_SPACE_2
430,159.422424316,68.2553405762,OPEN_EXHIBITION_SPACE_2
431,157.961547852,76.6949310303,OPEN_EXHIBITION_SPACE_2
432,159.435317993,74.7845535278,OPEN_EXHIBITION_SPACE_2
433,159.428863525,72.4717712402,OPEN_EXHIBITION_SPACE_2
434,157.41796875,80.7067947388,OPEN_EXHIBITION_SPACE_2
435,158.894958496,79.0009765625,OPEN_EXHIBITION_SPACE_2
436,156.922576904,87.2381515503,OPEN_EXHIBITION_SPACE_2
437,158.351379395,85.1672973633,OPEN_EXHIBITION_SPACE_2
438,157.41796875,83.6458663940,OPEN_EXHIBITION_SPACE_2
439,158.351379395,82.1446228027,OPEN_EXHIBITION_SPACE_2
440,54.5229339600,54.1292572021,OPEN_EXHIBITION_SPACE_2
441,52.8072319031,55.7949485779,OPEN_EXHIBITION_SPACE_2
442,52.2761230469,57.1018600464,OPEN_EXHIBITION_SPACE_2
443,52.7663269043,58.0536804199,OPEN_EXHIBITION_SPACE_2
444,53.0523376465,52.7015228271,OPEN_EXHIBITION_SPACE_2
445,52.8072319031,54.3672142029,OPEN_EXHIBITION_SPACE_2
446,51.7859268188,55.2294998169,OPEN_EXHIBITION_SPACE_2
447,51.4999198914,56.2984542847,OPEN_EXHIBITION_SPACE_2
448,51.7859268188,54.2776718140,OPEN_EXHIBITION_SPACE_2
449,52.3782234192,60.5873222351,OPEN_EXHIBITION_SPACE_2
450,51.9901199341,63.7879104614,OPEN_EXHIBITION_SPACE_2
451,18.2289009094,11.4851913452,OPEN_EXHIBITION_SPACE_2
452,19.7091140747,13.7259817123,OPEN_EXHIBITION_SPACE_2
453,27.0717258453,13.6767864227,OPEN_EXHIBITION_SPACE_2
454,26.5575866699,10.4841728210,OPEN_EXHIBITION_SPACE_2
455,22.6192131042,10.1470279694,OPEN_EXHIBITION_SPACE_2
456,19.6923370361,10.1470279694,OPEN_EXHIBITION_SPACE_2
457,18.2289009094,16.0651626587,OPEN_EXHIBITION_SPACE_2
458,19.5394134521,18.7232627869,OPEN_EXHIBITION_SPACE_2
459,22.1604423523,20.0249710083,OPEN_EXHIBITION_SPACE_2
460,24.7814674377,19.9885177612,OPEN_EXHIBITION_SPACE_2
461,27.5622539520,18.2512741089,OPEN_EXHIBITION_SPACE_2
462,35.8953285217,13.6767864227,OPEN_EXHIBITION_SPACE_2
463,36.2002067566,10.3156003952,OPEN_EXHIBITION_SPACE_2
464,32.3945579529,10.1470279694,OPEN_EXHIBITION_SPACE_2
465,29.4676876068,10.1470279694,OPEN_EXHIBITION_SPACE_2
466,31.3240947723,19.9520645142,OPEN_EXHIBITION_SPACE_2
467,33.9451217651,19.9156093597,OPEN_EXHIBITION_SPACE_2
468,36.0656814575,18.2148189545,OPEN_EXHIBITION_SPACE_2
469,41.7777290344,13.6767864227,OPEN_EXHIBITION_SPACE_2
470,41.3365631104,10.3156003952,OPEN_EXHIBITION_SPACE_2
471,47.6601295471,13.6767864227,OPEN_EXHIBITION_SPACE_2
472,48.6680755615,10.3156003952,OPEN_EXHIBITION_SPACE_2
473,45.0967826843,10.1470279694,OPEN_EXHIBITION_SPACE_2
474,38.5269470215,19.8791561127,OPEN_EXHIBITION_SPACE_2
475,41.2977981567,18.1965923309,OPEN_EXHIBITION_SPACE_2
476,53.8044319153,10.3156003952,OPEN_EXHIBITION_SPACE_2
477,47.8404235840,18.1601390839,OPEN_EXHIBITION_SPACE_2
478,50.3116264343,19.7697944641,OPEN_EXHIBITION_SPACE_2
479,58.9407882690,10.3156003952,OPEN_EXHIBITION_SPACE_2
480,43.1087760925,19.8427028656,OPEN_EXHIBITION_SPACE_2
481,45.7298049927,19.8062496185,OPEN_EXHIBITION_SPACE_2
482,65.2189331055,10.4841728210,OPEN_EXHIBITION_SPACE_2
483,62.6866760254,10.1470279694,OPEN_EXHIBITION_SPACE_2
484,71.4086532593,10.3156003952,OPEN_EXHIBITION_SPACE_2
485,67.5743560791,10.1470279694,OPEN_EXHIBITION_SPACE_2
486,76.5450134277,10.3156003952,OPEN_EXHIBITION_SPACE_2
487,82.8374786377,10.4841728210,OPEN_EXHIBITION_SPACE_2
488,80.2765731812,10.1470279694,OPEN_EXHIBITION_SPACE_2
489,94.1492309570,10.3156003952,OPEN_EXHIBITION_SPACE_2
490,89.0128784180,10.3156003952,OPEN_EXHIBITION_SPACE_2
491,85.1642532349,10.1470279694,OPEN_EXHIBITION_SPACE_2
492,101.480743408,10.3156003952,OPEN_EXHIBITION_SPACE_2
493,97.8664779663,10.1470279694,OPEN_EXHIBITION_SPACE_2
494,42.2991943359,67.5562286377,OPEN_EXHIBITION_SPACE_2
495,41.7777290344,70.7861633301,OPEN_EXHIBITION_SPACE_2
496,47.6601295471,70.7861633301,OPEN_EXHIBITION_SPACE_2
497,47.5327568054,67.5327911377,OPEN_EXHIBITION_SPACE_2
498,45.1130218506,67.1583175659,OPEN_EXHIBITION_SPACE_2
499,26.1109733582,67.3926620483,OPEN_EXHIBITION_SPACE_2
500,24.8011970520,68.5425109863,OPEN_EXHIBITION_SPACE_2
501,25.9375534058,70.7034606934,OPEN_EXHIBITION_SPACE_2
502,32.9541282654,70.7861633301,OPEN_EXHIBITION_SPACE_2
503,32.4808959961,67.6265258789,OPEN_EXHIBITION_SPACE_2
504,28.7349014282,67.3457870483,OPEN_EXHIBITION_SPACE_2
505,40.5282936096,67.2051849365,OPEN_EXHIBITION_SPACE_2
506,37.9043617249,67.2520523071,OPEN_EXHIBITION_SPACE_2
507,35.2804336548,67.2989196777,OPEN_EXHIBITION_SPACE_2
508,32.6324691772,73.7170944214,OPEN_EXHIBITION_SPACE_2
509,41.2859954834,73.7006530762,OPEN_EXHIBITION_SPACE_2
510,24.8055706024,72.6990051270,OPEN_EXHIBITION_SPACE_2
511,26.1933193207,73.8172149658,OPEN_EXHIBITION_SPACE_2
512,28.9644432068,73.8007736206,OPEN_EXHIBITION_SPACE_2
513,49.6977539063,67.1114425659,OPEN_EXHIBITION_SPACE_2
514,43.1602172852,73.7514495850,OPEN_EXHIBITION_SPACE_2
515,47.9787216187,73.6842193604,OPEN_EXHIBITION_SPACE_2
516,50.6632690430,73.7185821533,OPEN_EXHIBITION_SPACE_2
517,53.2858848572,73.6759948730,OPEN_EXHIBITION_SPACE_2
518,55.3951950073,73.7021408081,OPEN_EXHIBITION_SPACE_2
519,59.9786071777,73.6595611572,OPEN_EXHIBITION_SPACE_2
520,62.8982467651,73.6692581177,OPEN_EXHIBITION_SPACE_2
521,73.7476577759,79.5960998535,OPEN_EXHIBITION_SPACE_2
522,73.9393005371,82.0553665161,OPEN_EXHIBITION_SPACE_2
523,73.7476577759,84.2092819214,OPEN_EXHIBITION_SPACE_2
524,75.1764678955,86.9188079834,OPEN_EXHIBITION_SPACE_2
525,106.617103577,10.3156003952,OPEN_EXHIBITION_SPACE_2
526,118.074577332,10.4841728210,OPEN_EXHIBITION_SPACE_2
527,115.456359863,10.1470279694,OPEN_EXHIBITION_SPACE_2
528,111.753463745,10.3156003952,OPEN_EXHIBITION_SPACE_2
529,124.221328735,10.3156003952,OPEN_EXHIBITION_SPACE_2
530,120.344039917,10.1470279694,OPEN_EXHIBITION_SPACE_2
531,130.994155884,12.7249631882,OPEN_EXHIBITION_SPACE_2
532,135.896148682,13.6767864227,OPEN_EXHIBITION_SPACE_2
533,136.689193726,10.3156003952,OPEN_EXHIBITION_SPACE_2
534,133.046264648,10.1470279694,OPEN_EXHIBITION_SPACE_2
535,129.357681274,10.3156003952,OPEN_EXHIBITION_SPACE_2
536,141.778564453,13.6767864227,OPEN_EXHIBITION_SPACE_2
537,141.825546265,10.3156003952,OPEN_EXHIBITION_SPACE_2
538,153.689086914,36.8985137939,OPEN_EXHIBITION_SPACE_2
539,157.943511963,36.8931579590,OPEN_EXHIBITION_SPACE_2
540,159.401260376,34.9308853149,OPEN_EXHIBITION_SPACE_2
541,159.398864746,32.1647262573,OPEN_EXHIBITION_SPACE_2
542,152.757263184,30.7960014343,OPEN_EXHIBITION_SPACE_2
543,152.757263184,33.4343414307,OPEN_EXHIBITION_SPACE_2
544,153.689086914,41.7327384949,OPEN_EXHIBITION_SPACE_2
545,157.944702148,42.0835342407,OPEN_EXHIBITION_SPACE_2
546,159.403656006,39.6006889343,OPEN_EXHIBITION_SPACE_2
547,153.689086914,48.5457229614,OPEN_EXHIBITION_SPACE_2
548,157.945907593,47.2739028931,OPEN_EXHIBITION_SPACE_2
549,159.406051636,44.2704887390,OPEN_EXHIBITION_SPACE_2
550,152.757263184,45.1566581726,OPEN_EXHIBITION_SPACE_2
551,159.410827637,51.7064514160,OPEN_EXHIBITION_SPACE_2
552,159.408432007,48.9402999878,OPEN_EXHIBITION_SPACE_2
553,164.487716675,68.2397384644,OUTSIDE_RESTROOM
554,164.247344971,70.2422180176,OUTSIDE_RESTROOM
555,167.306381226,71.4945983887,OUTSIDE_RESTROOM
556,170.941925049,70.6256027222,OUTSIDE_RESTROOM
557,171.740524292,68.2469940186,OUTSIDE_RESTROOM
558,169.245101929,67.5516510010,OUTSIDE_RESTROOM
559,166.536712646,67.5443954468,OUTSIDE_RESTROOM
560,224.346221924,66.5525436401,OUTSIDE_RESTROOM
561,222.528442383,68.2905426025,OUTSIDE_RESTROOM
562,222.197097778,71.4690399170,OUTSIDE_RESTROOM
563,225.592285156,72.3124847412,OUTSIDE_RESTROOM
564,228.989837646,71.4690399170,OUTSIDE_RESTROOM
565,228.323669434,66.3317184448,OUTSIDE_RESTROOM
566,227.670410156,61.1943969727,OUTSIDE_RESTROOM
567,224.221435547,61.2765274048,OUTSIDE_RESTROOM
568,223.071990967,63.1276664734,OUTSIDE_RESTROOM
569,223.087585449,64.9788055420,OUTSIDE_RESTROOM
570,232.831512451,71.0345458984,OUTSIDE_RESTROOM
571,234.186859131,68.4786605835,OUTSIDE_RESTROOM
572,232.618591309,66.3317184448,OUTSIDE_RESTROOM
573,234.186859131,64.1847839355,OUTSIDE_RESTROOM
574,233.021820068,61.6288986206,OUTSIDE_RESTROOM
575,230.691680908,60.3509597778,OUTSIDE_RESTROOM
576,164.423004150,72.7725372314,OUTSIDE_RESTROOM
577,167.646713257,73.1814804077,OUTSIDE_RESTROOM
578,162.919448853,67.5371322632,OUTSIDE_RESTROOM
579,161.565414429,68.7282485962,OUTSIDE_RESTROOM
580,162.224822998,70.2998580933,OUTSIDE_RESTROOM
581,161.565780640,71.9867401123,OUTSIDE_RESTROOM
582,162.118865967,73.1814804077,OUTSIDE_RESTROOM
583,176.703704834,72.3124847412,OUTSIDE_RESTROOM
584,179.105941772,70.6256027222,OUTSIDE_RESTROOM
585,179.902206421,68.2542572021,OUTSIDE_RESTROOM
586,178.297409058,67.5661621094,OUTSIDE_RESTROOM
587,175.589035034,67.5589141846,OUTSIDE_RESTROOM
588,173.992980957,72.3124847412,OUTSIDE_RESTROOM
589,189.572845459,71.4690399170,OUTSIDE_RESTROOM
590,189.881683350,68.2615127563,OUTSIDE_RESTROOM
591,187.349731445,67.5806808472,OUTSIDE_RESTROOM
592,184.891937256,68.2578887939,OUTSIDE_RESTROOM
593,184.813156128,71.4690399170,OUTSIDE_RESTROOM
594,182.823577881,67.5734252930,OUTSIDE_RESTROOM
595,181.232208252,72.3124847412,OUTSIDE_RESTROOM
596,195.434005737,70.6256027222,OUTSIDE_RESTROOM
597,196.225585938,68.2687683105,OUTSIDE_RESTROOM
598,194.584274292,67.5951995850,OUTSIDE_RESTROOM
599,191.875885010,67.5879440308,OUTSIDE_RESTROOM
600,192.999908447,72.3124847412,OUTSIDE_RESTROOM
601,201.125274658,71.4690399170,OUTSIDE_RESTROOM
602,201.215332031,68.2723999023,OUTSIDE_RESTROOM
603,199.110412598,67.6024475098,OUTSIDE_RESTROOM
604,197.528381348,72.3124847412,OUTSIDE_RESTROOM
605,205.884979248,71.4690399170,OUTSIDE_RESTROOM
606,206.205062866,68.2760238647,OUTSIDE_RESTROOM
607,203.636581421,67.6097106934,OUTSIDE_RESTROOM
608,209.296112061,72.3124847412,OUTSIDE_RESTROOM
609,211.762054443,70.6256027222,OUTSIDE_RESTROOM
610,212.548995972,68.2832870483,OUTSIDE_RESTROOM
611,210.871139526,67.6242218018,OUTSIDE_RESTROOM
612,208.162750244,67.6169662476,OUTSIDE_RESTROOM
613,213.824584961,72.3124847412,OUTSIDE_RESTROOM
614,217.437408447,71.4690399170,OUTSIDE_RESTROOM
615,217.538726807,68.2869186401,OUTSIDE_RESTROOM
616,215.397277832,67.6314849854,OUTSIDE_RESTROOM
617,219.923446655,67.6387481689,OUTSIDE_RESTROOM
618,172.982986450,59.6333656311,BEEHUB_NEXUS
619,172.982986450,54.9390335083,BEEHUB_NEXUS
620,178.922729492,54.9390335083,BEEHUB_NEXUS
621,178.922729492,59.6333656311,BEEHUB_NEXUS
622,172.982986450,64.3276977539,BEEHUB_NEXUS
623,178.922729492,64.3276977539,BEEHUB_NEXUS
624,184.862457275,54.9390335083,BEEHUB_NEXUS
625,184.862457275,59.6333656311,BEEHUB_NEXUS
626,184.862457275,64.3276977539,BEEHUB_NEXUS
